RT(milliseconds),RT(minutes) - NOT USED BY IMPORT,RI,TIC
0,0.0,0.0,269460.0
320,0.005333333333333333,0.0,267369.0
640,0.010666666666666666,0.0,267392.0
960,0.016,0.0,278058.0
1280,0.021333333333333333,0.0,268137.0
1600,0.02666666666666667,0.0,268676.0
1920,0.032,0.0,271997.0
2240,0.037333333333333336,0.0,273702.0
2560,0.042666666666666665,0.0,273226.0
2880,0.048,0.0,272391.0
3200,0.05333333333333334,0.0,272569.0
3520,0.058666666666666666,0.0,273657.0
3840,0.064,0.0,274526.0
4160,0.06933333333333333,0.0,273419.0
4480,0.07466666666666667,0.0,272076.0
4800,0.08,0.0,273270.0
5120,0.08533333333333333,0.0,276418.0
5440,0.09066666666666667,0.0,279634.0
5760,0.096,0.0,281184.0
6080,0.10133333333333333,0.0,282337.0
6400,0.10666666666666667,0.0,283976.0
6720,0.112,0.0,286938.0
7040,0.11733333333333333,0.0,291341.0
7360,0.12266666666666666,0.0,293932.0
7680,0.128,0.0,294942.0
8000,0.13333333333333333,0.0,296999.0
8320,0.13866666666666666,0.0,301746.0
8640,0.144,0.0,304016.0
8960,0.14933333333333335,0.0,305657.0
9280,0.15466666666666667,0.0,309090.0
9600,0.16,0.0,312283.0
9920,0.16533333333333333,0.0,313480.0
10240,0.17066666666666666,0.0,314691.0
10560,0.176,0.0,316777.0
10880,0.18133333333333335,0.0,319608.0
11200,0.18666666666666668,0.0,323062.0
11520,0.192,0.0,324540.0
11840,0.19733333333333333,0.0,326085.0
12160,0.20266666666666666,0.0,327407.0
12480,0.208,0.0,330330.0
12800,0.21333333333333335,0.0,333304.0
13120,0.21866666666666668,0.0,333379.0
13440,0.224,0.0,333672.0
13760,0.22933333333333333,0.0,336184.0
14080,0.23466666666666666,0.0,339232.0
14400,0.24,0.0,340195.0
14720,0.24533333333333332,0.0,340891.0
15040,0.25066666666666665,0.0,342175.0
15360,0.256,0.0,342171.0
15680,0.2613333333333333,0.0,342439.0
16000,0.26666666666666666,0.0,344056.0
16320,0.272,0.0,344734.0
16640,0.2773333333333333,0.0,345783.0
16960,0.2826666666666667,0.0,347285.0
17280,0.288,0.0,348832.0
17600,0.29333333333333333,0.0,350720.0
17920,0.2986666666666667,0.0,349961.0
18240,0.304,0.0,350382.0
18560,0.30933333333333335,0.0,352505.0
18880,0.31466666666666665,0.0,351927.0
19200,0.32,0.0,351654.0
19520,0.3253333333333333,0.0,352612.0
19840,0.33066666666666666,0.0,354907.0
20160,0.336,0.0,355793.0
20480,0.3413333333333333,0.0,355622.0
20800,0.3466666666666667,0.0,355521.0
21120,0.352,0.0,356368.0
21440,0.35733333333333334,0.0,358411.0
21760,0.3626666666666667,0.0,359911.0
22080,0.368,0.0,359906.0
22400,0.37333333333333335,0.0,358737.0
22720,0.37866666666666665,0.0,358316.0
23040,0.384,0.0,359576.0
23360,0.3893333333333333,0.0,361195.0
23680,0.39466666666666667,0.0,362323.0
24000,0.4,0.0,360078.0
24320,0.4053333333333333,0.0,359871.0
24640,0.4106666666666667,0.0,361894.0
24960,0.416,0.0,363479.0
25280,0.42133333333333334,0.0,363292.0
25600,0.4266666666666667,0.0,362601.0
25920,0.432,0.0,363598.0
26240,0.43733333333333335,0.0,363475.0
26560,0.44266666666666665,0.0,364189.0
26880,0.448,0.0,364707.0
27200,0.4533333333333333,0.0,365596.0
27520,0.45866666666666667,0.0,365216.0
27840,0.464,0.0,364638.0
28160,0.4693333333333333,0.0,365208.0
28480,0.4746666666666667,0.0,365347.0
28800,0.48,0.0,366179.0
29120,0.48533333333333334,0.0,366163.0
29440,0.49066666666666664,0.0,366018.0
29760,0.496,0.0,365532.0
30080,0.5013333333333333,0.0,367298.0
30400,0.5066666666666667,0.0,368159.0
30720,0.512,0.0,368011.0
31040,0.5173333333333333,0.0,367314.0
31360,0.5226666666666666,0.0,366833.0
31680,0.528,0.0,368423.0
32000,0.5333333333333333,0.0,369307.0
32320,0.5386666666666666,0.0,367310.0
32640,0.544,0.0,367181.0
32960,0.5493333333333333,0.0,368341.0
33280,0.5546666666666666,0.0,369261.0
33600,0.56,0.0,369193.0
33920,0.5653333333333334,0.0,368732.0
34240,0.5706666666666667,0.0,369319.0
34560,0.576,0.0,369616.0
34880,0.5813333333333334,0.0,370884.0
35200,0.5866666666666667,0.0,370290.0
35520,0.592,0.0,368957.0
35840,0.5973333333333334,0.0,370586.0
36160,0.6026666666666667,0.0,370997.0
36480,0.608,0.0,370658.0
36800,0.6133333333333333,0.0,370655.0
37120,0.6186666666666667,0.0,371352.0
37440,0.624,0.0,372209.0
37760,0.6293333333333333,0.0,373201.0
38080,0.6346666666666667,0.0,373300.0
38400,0.64,0.0,373095.0
38720,0.6453333333333333,0.0,372686.0
39040,0.6506666666666666,0.0,373572.0
39360,0.656,0.0,373642.0
39680,0.6613333333333333,0.0,372604.0
40000,0.6666666666666666,0.0,372715.0
40320,0.672,0.0,374888.0
40640,0.6773333333333333,0.0,374421.0
40960,0.6826666666666666,0.0,372429.0
41280,0.688,0.0,373596.0
41600,0.6933333333333334,0.0,374125.0
41920,0.6986666666666667,0.0,373701.0
42240,0.704,0.0,372713.0
42560,0.7093333333333334,0.0,373281.0
42880,0.7146666666666667,0.0,374482.0
43200,0.72,0.0,375893.0
43520,0.7253333333333334,0.0,374077.0
43840,0.7306666666666667,0.0,373780.0
44160,0.736,0.0,374305.0
44480,0.7413333333333333,0.0,375607.0
44800,0.7466666666666667,0.0,374896.0
45120,0.752,0.0,373615.0
45440,0.7573333333333333,0.0,374276.0
45760,0.7626666666666667,0.0,375972.0
46080,0.768,0.0,374949.0
46400,0.7733333333333333,0.0,373172.0
46720,0.7786666666666666,0.0,374797.0
47040,0.784,0.0,377126.0
47360,0.7893333333333333,0.0,375592.0
47680,0.7946666666666666,0.0,374676.0
48000,0.8,0.0,376939.0
48320,0.8053333333333333,0.0,378398.0
48640,0.8106666666666666,0.0,376886.0
48960,0.816,0.0,374828.0
49280,0.8213333333333334,0.0,374668.0
49600,0.8266666666666667,0.0,375385.0
49920,0.832,0.0,376057.0
50240,0.8373333333333334,0.0,376218.0
50560,0.8426666666666667,0.0,376382.0
50880,0.848,0.0,375720.0
51200,0.8533333333333334,0.0,376942.0
51520,0.8586666666666667,0.0,377425.0
51840,0.864,0.0,376795.0
52160,0.8693333333333333,0.0,376376.0
52480,0.8746666666666667,0.0,377307.0
52800,0.88,0.0,377993.0
53120,0.8853333333333333,0.0,377078.0
53440,0.8906666666666667,0.0,377041.0
53760,0.896,0.0,378816.0
54080,0.9013333333333333,0.0,379047.0
54400,0.9066666666666666,0.0,377247.0
54720,0.912,0.0,377535.0
55040,0.9173333333333333,0.0,377582.0
55360,0.9226666666666666,0.0,378521.0
55680,0.928,0.0,379540.0
56000,0.9333333333333333,0.0,378092.0
56320,0.9386666666666666,0.0,377191.0
56640,0.944,0.0,378391.0
56960,0.9493333333333334,0.0,378592.0
57280,0.9546666666666667,0.0,378187.0
57600,0.96,0.0,378302.0
57920,0.9653333333333334,0.0,378642.0
58240,0.9706666666666667,0.0,379892.0
58560,0.976,0.0,379242.0
58880,0.9813333333333333,0.0,377353.0
59200,0.9866666666666667,0.0,377365.0
59520,0.992,0.0,378141.0
59840,0.9973333333333333,0.0,379597.0
60160,1.0026666666666666,0.0,378740.0
60480,1.008,0.0,378903.0
60800,1.0133333333333334,0.0,379202.0
61120,1.0186666666666666,0.0,379664.0
61440,1.024,0.0,379619.0
61760,1.0293333333333334,0.0,378585.0
62080,1.0346666666666666,0.0,377601.0
62400,1.04,0.0,379337.0
62720,1.0453333333333332,0.0,378535.0
63040,1.0506666666666666,0.0,378372.0
63360,1.056,0.0,380414.0
63680,1.0613333333333332,0.0,381130.0
64000,1.0666666666666667,0.0,381201.0
64320,1.072,0.0,378923.0
64640,1.0773333333333333,0.0,378722.0
64960,1.0826666666666667,0.0,379253.0
65280,1.088,0.0,379230.0
65600,1.0933333333333333,0.0,379401.0
65920,1.0986666666666667,0.0,378844.0
66240,1.104,0.0,377669.0
66560,1.1093333333333333,0.0,377716.0
66880,1.1146666666666667,0.0,379208.0
67200,1.12,0.0,377813.0
67520,1.1253333333333333,0.0,377427.0
67840,1.1306666666666667,0.0,380394.0
68160,1.136,0.0,379677.0
68480,1.1413333333333333,0.0,377969.0
68800,1.1466666666666667,0.0,378214.0
69120,1.152,0.0,379782.0
69440,1.1573333333333333,0.0,379731.0
69760,1.1626666666666667,0.0,380220.0
70080,1.168,0.0,380504.0
70400,1.1733333333333333,0.0,379475.0
70720,1.1786666666666668,0.0,379048.0
71040,1.184,0.0,380067.0
71360,1.1893333333333334,0.0,379885.0
71680,1.1946666666666668,0.0,380271.0
72000,1.2,0.0,381270.0
72320,1.2053333333333334,0.0,382041.0
72640,1.2106666666666666,0.0,381547.0
72960,1.216,0.0,381429.0
73280,1.2213333333333334,0.0,383076.0
73600,1.2266666666666666,0.0,384607.0
73920,1.232,0.0,382120.0
74240,1.2373333333333334,0.0,381216.0
74560,1.2426666666666666,0.0,381438.0
74880,1.248,0.0,382364.0
75200,1.2533333333333334,0.0,384076.0
75520,1.2586666666666666,0.0,383156.0
75840,1.264,0.0,382749.0
76160,1.2693333333333334,0.0,383484.0
76480,1.2746666666666666,0.0,383142.0
76800,1.28,0.0,383028.0
77120,1.2853333333333334,0.0,382001.0
77440,1.2906666666666666,0.0,381794.0
77760,1.296,0.0,382316.0
78080,1.3013333333333332,0.0,383016.0
78400,1.3066666666666666,0.0,383345.0
78720,1.312,0.0,382642.0
79040,1.3173333333333332,0.0,382961.0
79360,1.3226666666666667,0.0,383569.0
79680,1.328,0.0,383398.0
80000,1.3333333333333333,0.0,383989.0
80320,1.3386666666666667,0.0,385426.0
80640,1.344,0.0,384831.0
80960,1.3493333333333333,0.0,385925.0
81280,1.3546666666666667,0.0,385264.0
81600,1.36,0.0,384413.0
81920,1.3653333333333333,0.0,387236.0
82240,1.3706666666666667,0.0,391274.0
82560,1.376,0.0,401138.0
82880,1.3813333333333333,0.0,431907.0
83200,1.3866666666666667,0.0,513358.0
83520,1.392,0.0,699035.0
83840,1.3973333333333333,0.0,1086140.0
84160,1.4026666666666667,0.0,1825597.0
84480,1.408,0.0,3108047.0
84800,1.4133333333333333,0.0,5139056.0
85120,1.4186666666666667,0.0,8093386.0
85440,1.424,0.0,1.208498E7
85760,1.4293333333333333,0.0,1.7141908E7
86080,1.4346666666666668,0.0,2.3209416E7
86400,1.44,0.0,3.0177142E7
86720,1.4453333333333334,0.0,3.7879872E7
87040,1.4506666666666668,0.0,4.615206E7
87360,1.456,0.0,5.4813708E7
87680,1.4613333333333334,0.0,6.3679196E7
88000,1.4666666666666666,0.0,7.2542848E7
88320,1.472,0.0,8.1086296E7
88640,1.4773333333333334,0.0,8.8769088E7
88960,1.4826666666666666,0.0,9.4446904E7
89280,1.488,0.0,9.5816664E7
89600,1.4933333333333334,0.0,8.9425064E7
89920,1.4986666666666666,0.0,7.3487312E7
90240,1.504,0.0,5.2053864E7
90560,1.5093333333333334,0.0,3.2777912E7
90880,1.5146666666666666,0.0,1.9794016E7
91200,1.52,0.0,1.2370277E7
91520,1.5253333333333334,0.0,8314335.0
91840,1.5306666666666666,0.0,5999455.0
92160,1.536,0.0,4574527.0
92480,1.5413333333333334,0.0,3636222.0
92800,1.5466666666666666,0.0,2981938.0
93120,1.552,0.0,2510678.0
93440,1.5573333333333332,0.0,2163277.0
93760,1.5626666666666666,0.0,1898273.0
94080,1.568,0.0,1690965.0
94400,1.5733333333333333,0.0,1526997.0
94720,1.5786666666666667,0.0,1397545.0
95040,1.584,0.0,1292096.0
95360,1.5893333333333333,0.0,1200612.0
95680,1.5946666666666667,0.0,1121854.0
96000,1.6,0.0,1058200.0
96320,1.6053333333333333,0.0,1002665.0
96640,1.6106666666666667,0.0,950469.0
96960,1.616,0.0,269624.0
97280,1.6213333333333333,0.0,269597.0
97600,1.6266666666666667,0.0,269568.0
97920,1.632,0.0,269541.0
98240,1.6373333333333333,0.0,269516.0
98560,1.6426666666666667,0.0,269480.0
98880,1.648,0.0,268808.0
99200,1.6533333333333333,0.0,265451.0
99520,1.6586666666666667,0.0,265544.0
99840,1.664,0.0,270943.0
100160,1.6693333333333333,0.0,275139.0
100480,1.6746666666666667,0.0,272399.0
100800,1.68,0.0,267143.0
101120,1.6853333333333333,0.0,266639.0
101440,1.6906666666666668,0.0,268520.0
101760,1.696,0.0,271101.0
102080,1.7013333333333334,0.0,277590.0
102400,1.7066666666666668,0.0,294032.0
102720,1.712,0.0,328366.0
103040,1.7173333333333334,0.0,382530.0
103360,1.7226666666666666,0.0,437774.0
103680,1.728,0.0,467420.0
104000,1.7333333333333334,0.0,463738.0
104320,1.7386666666666666,0.0,437072.0
104640,1.744,0.0,401052.0
104960,1.7493333333333334,0.0,365892.0
105280,1.7546666666666666,0.0,337093.0
105600,1.76,0.0,315987.0
105920,1.7653333333333334,0.0,301572.0
106240,1.7706666666666666,0.0,292062.0
106560,1.776,0.0,285839.0
106880,1.7813333333333334,0.0,281750.0
107200,1.7866666666666666,0.0,279059.0
107520,1.792,0.0,277280.0
107840,1.7973333333333332,0.0,276061.0
108160,1.8026666666666666,0.0,275203.0
108480,1.808,0.0,274570.0
108800,1.8133333333333332,0.0,274094.0
109120,1.8186666666666667,0.0,273732.0
109440,1.824,0.0,273464.0
109760,1.8293333333333333,0.0,273271.0
110080,1.8346666666666667,0.0,273125.0
110400,1.84,0.0,272992.0
110720,1.8453333333333333,0.0,272880.0
111040,1.8506666666666667,0.0,272793.0
111360,1.856,0.0,272734.0
111680,1.8613333333333333,0.0,272672.0
112000,1.8666666666666667,0.0,272612.0
112320,1.872,0.0,272553.0
112640,1.8773333333333333,0.0,272518.0
112960,1.8826666666666667,0.0,272482.0
113280,1.888,0.0,272453.0
113600,1.8933333333333333,0.0,272432.0
113920,1.8986666666666667,0.0,272404.0
114240,1.904,0.0,272381.0
114560,1.9093333333333333,0.0,272350.0
114880,1.9146666666666667,0.0,272327.0
115200,1.92,0.0,272297.0
115520,1.9253333333333333,0.0,272262.0
115840,1.9306666666666668,0.0,272249.0
116160,1.936,0.0,272257.0
116480,1.9413333333333334,0.0,272254.0
116800,1.9466666666666668,0.0,272241.0
117120,1.952,0.0,272233.0
117440,1.9573333333333334,0.0,272238.0
117760,1.9626666666666666,0.0,272256.0
118080,1.968,0.0,272300.0
118400,1.9733333333333334,0.0,272332.0
118720,1.9786666666666666,0.0,272358.0
119040,1.984,0.0,272364.0
119360,1.9893333333333334,0.0,272336.0
119680,1.9946666666666666,0.0,272305.0
120000,2.0,0.0,272283.0
120320,2.005333333333333,0.0,272283.0
120640,2.010666666666667,0.0,272413.0
120960,2.016,0.0,272757.0
121280,2.021333333333333,0.0,273779.0
121600,2.026666666666667,0.0,277395.0
121920,2.032,0.0,290723.0
122240,2.037333333333333,0.0,340358.0
122560,2.042666666666667,0.0,524501.0
122880,2.048,0.0,1187529.0
123200,2.0533333333333332,0.0,3435040.0
123520,2.058666666666667,0.0,1.0424658E7
123840,2.064,0.0,2.9854532E7
124160,2.0693333333333332,0.0,7.5966304E7
124480,2.074666666666667,0.0,1.65072288E8
124800,2.08,0.0,3.00895264E8
125120,2.0853333333333333,0.0,4.499344E8
125440,2.0906666666666665,0.0,5.6073926E8
125760,2.096,0.0,6.3104051E8
126080,2.1013333333333333,0.0,6.7780723E8
126400,2.1066666666666665,0.0,7.102729E8
126720,2.112,0.0,7.331728E8
127040,2.1173333333333333,0.0,7.4934074E8
127360,2.1226666666666665,0.0,7.6069888E8
127680,2.128,0.0,7.6866029E8
128000,2.1333333333333333,0.0,7.741671E8
128320,2.1386666666666665,0.0,7.7779475E8
128640,2.144,0.0,7.7995827E8
128960,2.1493333333333333,0.0,7.8107968E8
129280,2.1546666666666665,0.0,7.8149811E8
129600,2.16,0.0,7.8136698E8
129920,2.1653333333333333,0.0,7.8076736E8
130240,2.1706666666666665,0.0,7.7986272E8
130560,2.176,0.0,7.7871098E8
130880,2.1813333333333333,0.0,7.773095E8
131200,2.1866666666666665,0.0,7.7562618E8
131520,2.192,0.0,7.7380141E8
131840,2.1973333333333334,0.0,7.7185978E8
132160,2.2026666666666666,0.0,7.6988698E8
132480,2.208,0.0,7.6787968E8
132800,2.2133333333333334,0.0,7.6573824E8
133120,2.2186666666666666,0.0,7.6348019E8
133440,2.224,0.0,7.6114925E8
133760,2.2293333333333334,0.0,7.5875942E8
134080,2.2346666666666666,0.0,7.5627315E8
134400,2.24,0.0,7.5365702E8
134720,2.2453333333333334,0.0,7.5095629E8
135040,2.2506666666666666,0.0,7.4823827E8
135360,2.256,0.0,7.4546368E8
135680,2.2613333333333334,0.0,7.4256794E8
136000,2.2666666666666666,0.0,7.3959475E8
136320,2.272,0.0,7.3653376E8
136640,2.2773333333333334,0.0,7.3342061E8
136960,2.2826666666666666,0.0,7.3030957E8
137280,2.288,0.0,7.2715981E8
137600,2.2933333333333334,0.0,7.2389901E8
137920,2.2986666666666666,0.0,7.205609E8
138240,2.304,0.0,7.1719059E8
138560,2.3093333333333335,0.0,7.1387277E8
138880,2.3146666666666667,0.0,7.1053811E8
139200,2.32,0.0,7.0709235E8
139520,2.3253333333333335,0.0,7.0355162E8
139840,2.3306666666666667,0.0,6.999769E8
140160,2.336,0.0,6.9631789E8
140480,2.3413333333333335,0.0,6.9259008E8
140800,2.3466666666666667,0.0,6.8887827E8
141120,2.352,0.0,6.8525107E8
141440,2.3573333333333335,0.0,6.8161184E8
141760,2.3626666666666667,0.0,6.778688E8
142080,2.368,0.0,6.7402278E8
142400,2.3733333333333335,0.0,6.7004403E8
142720,2.3786666666666667,0.0,6.6597453E8
143040,2.384,0.0,6.6192096E8
143360,2.3893333333333335,0.0,6.5783552E8
143680,2.3946666666666667,0.0,6.5367206E8
144000,2.4,0.0,6.4947053E8
144320,2.4053333333333335,0.0,6.4525043E8
144640,2.4106666666666667,0.0,6.409689E8
144960,2.416,0.0,6.3658406E8
145280,2.421333333333333,0.0,6.3210816E8
145600,2.4266666666666667,0.0,6.276057E8
145920,2.432,0.0,6.2305715E8
146240,2.437333333333333,0.0,6.184055E8
146560,2.4426666666666668,0.0,6.1366189E8
146880,2.448,0.0,6.0884813E8
147200,2.453333333333333,0.0,6.0399616E8
147520,2.458666666666667,0.0,5.990535E8
147840,2.464,0.0,5.9398618E8
148160,2.469333333333333,0.0,5.8883264E8
148480,2.474666666666667,0.0,5.836E8
148800,2.48,0.0,5.7827507E8
149120,2.485333333333333,0.0,5.728592E8
149440,2.490666666666667,0.0,5.672727E8
149760,2.496,0.0,5.6155974E8
150080,2.501333333333333,0.0,5.5577094E8
150400,2.506666666666667,0.0,5.4985434E8
150720,2.512,0.0,5.4377933E8
151040,2.517333333333333,0.0,5.375351E8
151360,2.522666666666667,0.0,5.31183744E8
151680,2.528,0.0,5.24710144E8
152000,2.533333333333333,0.0,5.18038304E8
152320,2.538666666666667,0.0,5.11152608E8
152640,2.544,0.0,5.04063616E8
152960,2.5493333333333332,0.0,4.96749568E8
153280,2.554666666666667,0.0,4.89215744E8
153600,2.56,0.0,4.81424992E8
153920,2.5653333333333332,0.0,4.733392E8
154240,2.570666666666667,0.0,4.64979936E8
154560,2.576,0.0,4.5632304E8
154880,2.5813333333333333,0.0,4.47356704E8
155200,2.5866666666666664,0.0,4.38042624E8
155520,2.592,0.0,4.28360352E8
155840,2.5973333333333333,0.0,4.18358112E8
156160,2.6026666666666665,0.0,4.08071296E8
156480,2.608,0.0,3.97462816E8
156800,2.6133333333333333,0.0,3.86528608E8
157120,2.6186666666666665,0.0,3.75303936E8
157440,2.624,0.0,3.63853408E8
157760,2.6293333333333333,0.0,3.52310432E8
158080,2.6346666666666665,0.0,3.40709952E8
158400,2.64,0.0,3.29052416E8
158720,2.6453333333333333,0.0,3.1738576E8
159040,2.6506666666666665,0.0,3.0578432E8
159360,2.656,0.0,2.94286144E8
159680,2.6613333333333333,0.0,2.82868096E8
160000,2.6666666666666665,0.0,2.71532192E8
160320,2.672,0.0,2.60365872E8
160640,2.6773333333333333,0.0,2.4935456E8
160960,2.6826666666666665,0.0,2.38475616E8
161280,2.688,0.0,2.27742256E8
161600,2.6933333333333334,0.0,2.1718448E8
161920,2.6986666666666665,0.0,2.06819008E8
162240,2.704,0.0,1.96647904E8
162560,2.7093333333333334,0.0,1.86672976E8
162880,2.7146666666666666,0.0,1.7690336E8
163200,2.72,0.0,1.67352448E8
163520,2.7253333333333334,0.0,1.58049728E8
163840,2.7306666666666666,0.0,1.48979616E8
164160,2.736,0.0,1.40162368E8
164480,2.7413333333333334,0.0,1.31617424E8
164800,2.7466666666666666,0.0,1.23340192E8
165120,2.752,0.0,1.15339936E8
165440,2.7573333333333334,0.0,1.07620352E8
165760,2.7626666666666666,0.0,1.00208184E8
166080,2.768,0.0,9.3113536E7
166400,2.7733333333333334,0.0,8.632664E7
166720,2.7786666666666666,0.0,7.9856536E7
167040,2.784,0.0,7.371704E7
167360,2.7893333333333334,0.0,6.79208E7
167680,2.7946666666666666,0.0,6.2460696E7
168000,2.8,0.0,5.7328708E7
168320,2.8053333333333335,0.0,5.2532832E7
168640,2.8106666666666666,0.0,4.807386E7
168960,2.816,0.0,4.3949492E7
169280,2.8213333333333335,0.0,4.0150584E7
169600,2.8266666666666667,0.0,3.6662828E7
169920,2.832,0.0,3.3479116E7
170240,2.8373333333333335,0.0,3.0588444E7
170560,2.8426666666666667,0.0,2.7980268E7
170880,2.848,0.0,2.5635064E7
171200,2.8533333333333335,0.0,2.353336E7
171520,2.8586666666666667,0.0,2.1662756E7
171840,2.864,0.0,2.0004544E7
172160,2.8693333333333335,0.0,1.853952E7
172480,2.8746666666666667,0.0,1.7248722E7
172800,2.88,0.0,1.611276E7
173120,2.8853333333333335,0.0,1.5118087E7
173440,2.8906666666666667,0.0,1.4247094E7
173760,2.896,0.0,1.3482242E7
174080,2.9013333333333335,0.0,1.2807688E7
174400,2.9066666666666667,0.0,1.2208807E7
174720,2.912,0.0,1.1676266E7
175040,2.917333333333333,0.0,1.1198886E7
175360,2.9226666666666667,0.0,1.0766035E7
175680,2.928,0.0,1.036907E7
176000,2.933333333333333,0.0,1.0002107E7
176320,2.9386666666666668,0.0,9659971.0
176640,2.944,0.0,9336231.0
176960,2.949333333333333,0.0,9027376.0
177280,2.9546666666666668,0.0,8730749.0
177600,2.96,0.0,8444345.0
177920,2.965333333333333,0.0,8167081.0
178240,2.970666666666667,0.0,7896982.0
178560,2.976,0.0,7633105.0
178880,2.981333333333333,0.0,7375160.0
179200,2.986666666666667,0.0,7123579.0
179520,2.992,0.0,6878356.0
179840,2.997333333333333,0.0,6638657.0
180160,3.002666666666667,0.0,6405412.0
180480,3.008,0.0,6179207.0
180800,3.013333333333333,0.0,5959570.0
181120,3.018666666666667,0.0,5746801.0
181440,3.024,0.0,5540933.0
181760,3.029333333333333,0.0,5342823.0
182080,3.034666666666667,0.0,5153139.0
182400,3.04,0.0,4971404.0
182720,3.0453333333333332,0.0,4796753.0
183040,3.050666666666667,0.0,4629839.0
183360,3.056,0.0,4471350.0
183680,3.0613333333333332,0.0,4321144.0
184000,3.066666666666667,0.0,4178356.0
184320,3.072,0.0,4043267.0
184640,3.0773333333333333,0.0,3916196.0
184960,3.082666666666667,0.0,3796845.0
185280,3.088,0.0,3685194.0
185600,3.0933333333333333,0.0,3580639.0
185920,3.0986666666666665,0.0,3483567.0
186240,3.104,0.0,3394220.0
186560,3.1093333333333333,0.0,3312126.0
186880,3.1146666666666665,0.0,3237418.0
187200,3.12,0.0,3169669.0
187520,3.1253333333333333,0.0,3108949.0
187840,3.1306666666666665,0.0,3055768.0
188160,3.136,0.0,3009898.0
188480,3.1413333333333333,0.0,2971298.0
188800,3.1466666666666665,0.0,2939747.0
189120,3.152,0.0,2915570.0
189440,3.1573333333333333,0.0,2899090.0
189760,3.1626666666666665,0.0,2890540.0
190080,3.168,0.0,2889253.0
190400,3.1733333333333333,0.0,2895587.0
190720,3.1786666666666665,0.0,2909976.0
191040,3.184,0.0,2932466.0
191360,3.1893333333333334,0.0,2963217.0
191680,3.1946666666666665,0.0,3002168.0
192000,3.2,0.0,3049726.0
192320,3.2053333333333334,0.0,3106175.0
192640,3.2106666666666666,0.0,3171429.0
192960,3.216,0.0,3245273.0
193280,3.2213333333333334,0.0,3328078.0
193600,3.2266666666666666,0.0,3420346.0
193920,3.232,0.0,3522338.0
194240,3.2373333333333334,0.0,3633582.0
194560,3.2426666666666666,0.0,3754036.0
194880,3.248,0.0,3884029.0
195200,3.2533333333333334,0.0,4024310.0
195520,3.2586666666666666,0.0,4174773.0
195840,3.264,0.0,4334918.0
196160,3.2693333333333334,0.0,4504778.0
196480,3.2746666666666666,0.0,4684851.0
196800,3.28,0.0,4875132.0
197120,3.2853333333333334,0.0,5075362.0
197440,3.2906666666666666,0.0,5285098.0
197760,3.296,0.0,5503805.0
198080,3.3013333333333335,0.0,5732185.0
198400,3.3066666666666666,0.0,5970765.0
198720,3.312,0.0,6218981.0
199040,3.3173333333333335,0.0,6475524.0
199360,3.3226666666666667,0.0,6740000.0
199680,3.328,0.0,7012948.0
200000,3.3333333333333335,0.0,7294970.0
200320,3.3386666666666667,0.0,7584575.0
200640,3.344,0.0,7881008.0
200960,3.3493333333333335,0.0,8184459.0
201280,3.3546666666666667,0.0,8496440.0
201600,3.36,0.0,8816967.0
201920,3.3653333333333335,0.0,9141060.0
202240,3.3706666666666667,0.0,9465557.0
202560,3.376,0.0,9789693.0
202880,3.3813333333333335,0.0,1.0115444E7
203200,3.3866666666666667,0.0,1.0447991E7
203520,3.392,0.0,1.0788827E7
203840,3.3973333333333335,0.0,1.1133136E7
204160,3.4026666666666667,0.0,1.1475343E7
204480,3.408,0.0,1.1813401E7
204800,3.4133333333333336,0.0,1.214741E7
205120,3.4186666666666667,0.0,1.2478526E7
205440,3.424,0.0,1.280524E7
205760,3.429333333333333,0.0,1.3123092E7
206080,3.4346666666666668,0.0,1.3432497E7
206400,3.44,0.0,1.3732892E7
206720,3.445333333333333,0.0,1.4023771E7
207040,3.4506666666666668,0.0,1.4306625E7
207360,3.456,0.0,1.4580915E7
207680,3.461333333333333,0.0,1.484587E7
208000,3.466666666666667,0.0,1.5102047E7
208320,3.472,0.0,1.5347686E7
208640,3.477333333333333,0.0,1.5579528E7
208960,3.482666666666667,0.0,1.5791856E7
209280,3.488,0.0,1.5981668E7
209600,3.493333333333333,0.0,1.6150034E7
209920,3.498666666666667,0.0,1.6297244E7
210240,3.504,0.0,1.6421672E7
210560,3.509333333333333,0.0,1.6521016E7
210880,3.514666666666667,0.0,1.6592277E7
211200,3.52,0.0,1.6638743E7
211520,3.525333333333333,0.0,1.6661888E7
211840,3.530666666666667,0.0,1.6656945E7
212160,3.536,0.0,1.6621775E7
212480,3.541333333333333,0.0,1.6556446E7
212800,3.546666666666667,0.0,1.6462109E7
213120,3.552,0.0,1.6339701E7
213440,3.5573333333333332,0.0,1.6187263E7
213760,3.562666666666667,0.0,1.6005775E7
214080,3.568,0.0,1.5796277E7
214400,3.5733333333333333,0.0,1.5560187E7
214720,3.578666666666667,0.0,1.5299336E7
215040,3.584,0.0,1.5015023E7
215360,3.5893333333333333,0.0,1.4705193E7
215680,3.5946666666666665,0.0,1.4372807E7
216000,3.6,0.0,1.4021406E7
216320,3.6053333333333333,0.0,1.3653697E7
216640,3.6106666666666665,0.0,1.3268519E7
216960,3.616,0.0,1.2866526E7
217280,3.6213333333333333,0.0,1.2451438E7
217600,3.6266666666666665,0.0,1.2024896E7
217920,3.632,0.0,1.1588797E7
218240,3.6373333333333333,0.0,1.1144683E7
218560,3.6426666666666665,0.0,1.0694968E7
218880,3.648,0.0,1.0243739E7
219200,3.6533333333333333,0.0,9791880.0
219520,3.6586666666666665,0.0,9341341.0
219840,3.664,0.0,8894706.0
220160,3.6693333333333333,0.0,8453882.0
220480,3.6746666666666665,0.0,8020155.0
220800,3.68,0.0,7593144.0
221120,3.6853333333333333,0.0,7173700.0
221440,3.6906666666666665,0.0,6764089.0
221760,3.696,0.0,6366521.0
222080,3.7013333333333334,0.0,5981916.0
222400,3.7066666666666666,0.0,5610785.0
222720,3.712,0.0,5254713.0
223040,3.7173333333333334,0.0,4913806.0
223360,3.7226666666666666,0.0,4588653.0
223680,3.728,0.0,4280212.0
224000,3.7333333333333334,0.0,3988221.0
224320,3.7386666666666666,0.0,3712684.0
224640,3.744,0.0,3453430.0
224960,3.7493333333333334,0.0,3210686.0
225280,3.7546666666666666,0.0,2984172.0
225600,3.76,0.0,2772604.0
225920,3.7653333333333334,0.0,2575604.0
226240,3.7706666666666666,0.0,2393357.0
226560,3.776,0.0,2225263.0
226880,3.7813333333333334,0.0,2070329.0
227200,3.7866666666666666,0.0,1927682.0
227520,3.792,0.0,1796836.0
227840,3.7973333333333334,0.0,1677298.0
228160,3.8026666666666666,0.0,1568534.0
228480,3.808,0.0,1469911.0
228800,3.8133333333333335,0.0,1380298.0
229120,3.8186666666666667,0.0,1298618.0
229440,3.824,0.0,1224385.0
229760,3.8293333333333335,0.0,1157020.0
230080,3.8346666666666667,0.0,1095898.0
230400,3.84,0.0,1040264.0
230720,3.8453333333333335,0.0,989854.0
231040,3.8506666666666667,0.0,944312.0
231360,3.856,0.0,903162.0
231680,3.8613333333333335,0.0,865963.0
232000,3.8666666666666667,0.0,832292.0
232320,3.872,0.0,801776.0
232640,3.8773333333333335,0.0,773998.0
232960,3.8826666666666667,0.0,748641.0
233280,3.888,0.0,725484.0
233600,3.8933333333333335,0.0,704196.0
233920,3.8986666666666667,0.0,684664.0
234240,3.904,0.0,666692.0
234560,3.9093333333333335,0.0,650259.0
234880,3.9146666666666667,0.0,635074.0
235200,3.92,0.0,620998.0
235520,3.925333333333333,0.0,608074.0
235840,3.9306666666666668,0.0,596177.0
236160,3.936,0.0,585181.0
236480,3.941333333333333,0.0,574958.0
236800,3.9466666666666668,0.0,565359.0
237120,3.952,0.0,556364.0
237440,3.957333333333333,0.0,547933.0
237760,3.962666666666667,0.0,539912.0
238080,3.968,0.0,532259.0
238400,3.973333333333333,0.0,524982.0
238720,3.978666666666667,0.0,518052.0
239040,3.984,0.0,511440.0
239360,3.989333333333333,0.0,505143.0
239680,3.994666666666667,0.0,499059.0
240000,4.0,0.0,493226.0
240320,4.005333333333334,0.0,487651.0
240640,4.010666666666666,0.0,482387.0
240960,4.016,0.0,477365.0
241280,4.021333333333334,0.0,472583.0
241600,4.026666666666666,0.0,468088.0
241920,4.032,0.0,463809.0
242240,4.037333333333334,0.0,459755.0
242560,4.042666666666666,0.0,455857.0
242880,4.048,0.0,452076.0
243200,4.053333333333334,0.0,448541.0
243520,4.058666666666666,0.0,445168.0
243840,4.064,0.0,441896.0
244160,4.069333333333334,0.0,438764.0
244480,4.074666666666666,0.0,435732.0
244800,4.08,0.0,432865.0
245120,4.085333333333334,0.0,430182.0
245440,4.0906666666666665,0.0,427637.0
245760,4.096,0.0,425172.0
246080,4.101333333333334,0.0,422816.0
246400,4.1066666666666665,0.0,420575.0
246720,4.112,0.0,418380.0
247040,4.117333333333334,0.0,416282.0
247360,4.1226666666666665,0.0,414293.0
247680,4.128,0.0,412394.0
248000,4.133333333333334,0.0,410576.0
248320,4.1386666666666665,0.0,408808.0
248640,4.144,0.0,407101.0
248960,4.149333333333334,0.0,405456.0
249280,4.1546666666666665,0.0,403913.0
249600,4.16,0.0,402448.0
249920,4.165333333333334,0.0,401003.0
250240,4.1706666666666665,0.0,399624.0
250560,4.176,0.0,398326.0
250880,4.181333333333333,0.0,397076.0
251200,4.1866666666666665,0.0,395852.0
251520,4.192,0.0,394681.0
251840,4.197333333333333,0.0,393570.0
252160,4.2026666666666666,0.0,392491.0
252480,4.208,0.0,391455.0
252800,4.213333333333333,0.0,390448.0
253120,4.218666666666667,0.0,389473.0
253440,4.224,0.0,388565.0
253760,4.229333333333333,0.0,387720.0
254080,4.234666666666667,0.0,386896.0
254400,4.24,0.0,386048.0
254720,4.245333333333333,0.0,385250.0
255040,4.250666666666667,0.0,384483.0
255360,4.256,0.0,383763.0
255680,4.261333333333333,0.0,383032.0
256000,4.266666666666667,0.0,382324.0
256320,4.272,0.0,381674.0
256640,4.277333333333333,0.0,381033.0
256960,4.282666666666667,0.0,380424.0
257280,4.288,0.0,379827.0
257600,4.293333333333333,0.0,379198.0
257920,4.298666666666667,0.0,378529.0
258240,4.304,0.0,377986.0
258560,4.309333333333333,0.0,377435.0
258880,4.314666666666667,0.0,376871.0
259200,4.32,0.0,376280.0
259520,4.325333333333333,0.0,375738.0
259840,4.330666666666667,0.0,375262.0
260160,4.336,0.0,374729.0
260480,4.341333333333333,0.0,374169.0
260800,4.346666666666667,0.0,373628.0
261120,4.352,0.0,373104.0
261440,4.357333333333333,0.0,372593.0
261760,4.362666666666667,0.0,372083.0
262080,4.368,0.0,371518.0
262400,4.373333333333333,0.0,370980.0
262720,4.378666666666667,0.0,370459.0
263040,4.384,0.0,369952.0
263360,4.389333333333333,0.0,369418.0
263680,4.394666666666667,0.0,368801.0
264000,4.4,0.0,368221.0
264320,4.405333333333333,0.0,367678.0
264640,4.410666666666667,0.0,367098.0
264960,4.416,0.0,366504.0
265280,4.421333333333333,0.0,365896.0
265600,4.426666666666667,0.0,365309.0
265920,4.432,0.0,364702.0
266240,4.437333333333333,0.0,364103.0
266560,4.442666666666667,0.0,363505.0
266880,4.448,0.0,362872.0
267200,4.453333333333333,0.0,362216.0
267520,4.458666666666667,0.0,361556.0
267840,4.464,0.0,360914.0
268160,4.469333333333333,0.0,360261.0
268480,4.474666666666667,0.0,359600.0
268800,4.48,0.0,358906.0
269120,4.485333333333333,0.0,358231.0
269440,4.490666666666667,0.0,357570.0
269760,4.496,0.0,356884.0
270080,4.501333333333333,0.0,356209.0
270400,4.506666666666667,0.0,355509.0
270720,4.512,0.0,354852.0
271040,4.517333333333333,0.0,354176.0
271360,4.522666666666667,0.0,353482.0
271680,4.528,0.0,352830.0
272000,4.533333333333333,0.0,352144.0
272320,4.538666666666667,0.0,351461.0
272640,4.544,0.0,350793.0
272960,4.549333333333333,0.0,350105.0
273280,4.554666666666667,0.0,349430.0
273600,4.56,0.0,348789.0
273920,4.565333333333333,0.0,348149.0
274240,4.570666666666667,0.0,347517.0
274560,4.576,0.0,346888.0
274880,4.581333333333333,0.0,346248.0
275200,4.586666666666667,0.0,345598.0
275520,4.592,0.0,345011.0
275840,4.597333333333333,0.0,344459.0
276160,4.602666666666667,0.0,343876.0
276480,4.608,0.0,343303.0
276800,4.613333333333333,0.0,342740.0
277120,4.618666666666667,0.0,342187.0
277440,4.624,0.0,341650.0
277760,4.629333333333333,0.0,341110.0
278080,4.634666666666667,0.0,340596.0
278400,4.64,0.0,340102.0
278720,4.645333333333333,0.0,339642.0
279040,4.650666666666667,0.0,339172.0
279360,4.656,0.0,338688.0
279680,4.661333333333333,0.0,338225.0
280000,4.666666666666667,0.0,337799.0
280320,4.672,0.0,337373.0
280640,4.677333333333333,0.0,336945.0
280960,4.682666666666667,0.0,336532.0
281280,4.688,0.0,336121.0
281600,4.693333333333333,0.0,335723.0
281920,4.698666666666667,0.0,335346.0
282240,4.704,0.0,334968.0
282560,4.709333333333333,0.0,334601.0
282880,4.714666666666667,0.0,334277.0
283200,4.72,0.0,333943.0
283520,4.725333333333333,0.0,333615.0
283840,4.730666666666667,0.0,333287.0
284160,4.736,0.0,332957.0
284480,4.741333333333333,0.0,332631.0
284800,4.746666666666667,0.0,332326.0
285120,4.752,0.0,331999.0
285440,4.757333333333333,0.0,331704.0
285760,4.762666666666667,0.0,331389.0
286080,4.768,0.0,331093.0
286400,4.773333333333333,0.0,330825.0
286720,4.778666666666667,0.0,330559.0
287040,4.784,0.0,330266.0
287360,4.789333333333333,0.0,329992.0
287680,4.794666666666667,0.0,329721.0
288000,4.8,0.0,329456.0
288320,4.8053333333333335,0.0,329186.0
288640,4.810666666666667,0.0,328925.0
288960,4.816,0.0,328655.0
289280,4.8213333333333335,0.0,328398.0
289600,4.826666666666667,0.0,328185.0
289920,4.832,0.0,327938.0
290240,4.8373333333333335,0.0,327667.0
290560,4.842666666666666,0.0,327397.0
290880,4.848,0.0,327164.0
291200,4.8533333333333335,0.0,326948.0
291520,4.858666666666666,0.0,326728.0
291840,4.864,0.0,326468.0
292160,4.8693333333333335,0.0,326217.0
292480,4.874666666666666,0.0,325993.0
292800,4.88,0.0,325781.0
293120,4.8853333333333335,0.0,325550.0
293440,4.890666666666666,0.0,325303.0
293760,4.896,0.0,325065.0
294080,4.9013333333333335,0.0,324860.0
294400,4.906666666666666,0.0,324658.0
294720,4.912,0.0,324440.0
295040,4.917333333333334,0.0,324210.0
295360,4.922666666666666,0.0,324025.0
295680,4.928,0.0,323792.0
296000,4.933333333333334,0.0,323564.0
296320,4.938666666666666,0.0,323366.0
296640,4.944,0.0,323168.0
296960,4.949333333333334,0.0,322961.0
297280,4.954666666666666,0.0,322741.0
297600,4.96,0.0,322527.0
297920,4.965333333333334,0.0,322348.0
298240,4.970666666666666,0.0,322150.0
298560,4.976,0.0,321926.0
298880,4.981333333333334,0.0,321711.0
299200,4.986666666666666,0.0,321530.0
299520,4.992,0.0,321327.0
299840,4.997333333333334,0.0,321140.0
300160,5.002666666666666,0.0,320963.0
300480,5.008,0.0,320790.0
300800,5.013333333333334,0.0,320597.0
301120,5.018666666666666,0.0,320408.0
301440,5.024,0.0,320213.0
301760,5.029333333333334,0.0,320038.0
302080,5.034666666666666,0.0,319857.0
302400,5.04,0.0,319639.0
302720,5.045333333333334,0.0,319465.0
303040,5.050666666666666,0.0,319324.0
303360,5.056,0.0,319138.0
303680,5.061333333333334,0.0,318959.0
304000,5.066666666666666,0.0,318804.0
304320,5.072,0.0,318609.0
304640,5.077333333333334,0.0,318439.0
304960,5.082666666666666,0.0,318293.0
305280,5.088,0.0,318111.0
305600,5.093333333333334,0.0,317933.0
305920,5.0986666666666665,0.0,317768.0
306240,5.104,0.0,317574.0
306560,5.109333333333334,0.0,317414.0
306880,5.1146666666666665,0.0,317252.0
307200,5.12,0.0,317120.0
307520,5.125333333333334,0.0,316988.0
307840,5.1306666666666665,0.0,316806.0
308160,5.136,0.0,316639.0
308480,5.141333333333334,0.0,316488.0
308800,5.1466666666666665,0.0,316358.0
309120,5.152,0.0,316182.0
309440,5.157333333333334,0.0,316016.0
309760,5.1626666666666665,0.0,315865.0
310080,5.168,0.0,315718.0
310400,5.173333333333333,0.0,315580.0
310720,5.1786666666666665,0.0,315434.0
311040,5.184,0.0,315281.0
311360,5.189333333333333,0.0,315126.0
311680,5.1946666666666665,0.0,314985.0
312000,5.2,0.0,314857.0
312320,5.205333333333333,0.0,314725.0
312640,5.210666666666667,0.0,314590.0
312960,5.216,0.0,314441.0
313280,5.221333333333333,0.0,314306.0
313600,5.226666666666667,0.0,314161.0
313920,5.232,0.0,314029.0
314240,5.237333333333333,0.0,313890.0
314560,5.242666666666667,0.0,313740.0
314880,5.248,0.0,313609.0
315200,5.253333333333333,0.0,313471.0
315520,5.258666666666667,0.0,313351.0
315840,5.264,0.0,313247.0
316160,5.269333333333333,0.0,313098.0
316480,5.274666666666667,0.0,312964.0
316800,5.28,0.0,312836.0
317120,5.285333333333333,0.0,312710.0
317440,5.290666666666667,0.0,312588.0
317760,5.296,0.0,312465.0
318080,5.301333333333333,0.0,312338.0
318400,5.306666666666667,0.0,312210.0
318720,5.312,0.0,312075.0
319040,5.317333333333333,0.0,311952.0
319360,5.322666666666667,0.0,311827.0
319680,5.328,0.0,311694.0
320000,5.333333333333333,0.0,311585.0
320320,5.338666666666667,0.0,311475.0
320640,5.344,0.0,311354.0
320960,5.349333333333333,0.0,311218.0
321280,5.354666666666667,0.0,311121.0
321600,5.36,0.0,311019.0
321920,5.365333333333333,0.0,310902.0
322240,5.370666666666667,0.0,310777.0
322560,5.376,0.0,310652.0
322880,5.381333333333333,0.0,310548.0
323200,5.386666666666667,0.0,310425.0
323520,5.392,0.0,310312.0
323840,5.397333333333333,0.0,310208.0
324160,5.402666666666667,0.0,310079.0
324480,5.408,0.0,309970.0
324800,5.413333333333333,0.0,309880.0
325120,5.418666666666667,0.0,309778.0
325440,5.424,0.0,309650.0
325760,5.429333333333333,0.0,309537.0
326080,5.434666666666667,0.0,309447.0
326400,5.44,0.0,309340.0
326720,5.445333333333333,0.0,309239.0
327040,5.450666666666667,0.0,309142.0
327360,5.456,0.0,309044.0
327680,5.461333333333333,0.0,308953.0
328000,5.466666666666667,0.0,308859.0
328320,5.472,0.0,308735.0
328640,5.477333333333333,0.0,308617.0
328960,5.482666666666667,0.0,308546.0
329280,5.488,0.0,308454.0
329600,5.493333333333333,0.0,308353.0
329920,5.498666666666667,0.0,308249.0
330240,5.504,0.0,308136.0
330560,5.509333333333333,0.0,308044.0
330880,5.514666666666667,0.0,307936.0
331200,5.52,0.0,307839.0
331520,5.525333333333333,0.0,307727.0
331840,5.530666666666667,0.0,307636.0
332160,5.536,0.0,307559.0
332480,5.541333333333333,0.0,307468.0
332800,5.546666666666667,0.0,307372.0
333120,5.552,0.0,307278.0
333440,5.557333333333333,0.0,307179.0
333760,5.562666666666667,0.0,307091.0
334080,5.568,0.0,307017.0
334400,5.573333333333333,0.0,306932.0
334720,5.578666666666667,0.0,306832.0
335040,5.584,0.0,306744.0
335360,5.589333333333333,0.0,306692.0
335680,5.594666666666667,0.0,306603.0
336000,5.6,0.0,306488.0
336320,5.605333333333333,0.0,306370.0
336640,5.610666666666667,0.0,306309.0
336960,5.616,0.0,306234.0
337280,5.621333333333333,0.0,306127.0
337600,5.626666666666667,0.0,306018.0
337920,5.632,0.0,305944.0
338240,5.637333333333333,0.0,305886.0
338560,5.642666666666667,0.0,305784.0
338880,5.648,0.0,305714.0
339200,5.653333333333333,0.0,305642.0
339520,5.658666666666667,0.0,305541.0
339840,5.664,0.0,305477.0
340160,5.669333333333333,0.0,305403.0
340480,5.674666666666667,0.0,305298.0
340800,5.68,0.0,305220.0
341120,5.685333333333333,0.0,305136.0
341440,5.690666666666667,0.0,305058.0
341760,5.696,0.0,304960.0
342080,5.701333333333333,0.0,304886.0
342400,5.706666666666667,0.0,304821.0
342720,5.712,0.0,304731.0
343040,5.717333333333333,0.0,304656.0
343360,5.722666666666667,0.0,304597.0
343680,5.728,0.0,304530.0
344000,5.733333333333333,0.0,304418.0
344320,5.738666666666667,0.0,304348.0
344640,5.744,0.0,304301.0
344960,5.749333333333333,0.0,304202.0
345280,5.754666666666667,0.0,304106.0
345600,5.76,0.0,304046.0
345920,5.765333333333333,0.0,303986.0
346240,5.770666666666667,0.0,303908.0
346560,5.776,0.0,303826.0
346880,5.781333333333333,0.0,303752.0
347200,5.786666666666667,0.0,303667.0
347520,5.792,0.0,303599.0
347840,5.7973333333333334,0.0,303551.0
348160,5.802666666666667,0.0,303459.0
348480,5.808,0.0,303382.0
348800,5.8133333333333335,0.0,303299.0
349120,5.818666666666667,0.0,303245.0
349440,5.824,0.0,303193.0
349760,5.8293333333333335,0.0,303126.0
350080,5.834666666666666,0.0,303049.0
350400,5.84,0.0,302950.0
350720,5.8453333333333335,0.0,302905.0
351040,5.850666666666666,0.0,302842.0
351360,5.856,0.0,302764.0
351680,5.8613333333333335,0.0,302697.0
352000,5.866666666666666,0.0,302618.0
352320,5.872,0.0,302569.0
352640,5.8773333333333335,0.0,302515.0
352960,5.882666666666666,0.0,302434.0
353280,5.888,0.0,302349.0
353600,5.8933333333333335,0.0,302285.0
353920,5.898666666666666,0.0,302240.0
354240,5.904,0.0,302163.0
354560,5.9093333333333335,0.0,302084.0
354880,5.914666666666666,0.0,302037.0
355200,5.92,0.0,301979.0
355520,5.925333333333334,0.0,301901.0
355840,5.930666666666666,0.0,301839.0
356160,5.936,0.0,301772.0
356480,5.941333333333334,0.0,301717.0
356800,5.946666666666666,0.0,301654.0
357120,5.952,0.0,301574.0
357440,5.957333333333334,0.0,301523.0
357760,5.962666666666666,0.0,301453.0
358080,5.968,0.0,301383.0
358400,5.973333333333334,0.0,301326.0
358720,5.978666666666666,0.0,301272.0
359040,5.984,0.0,301215.0
359360,5.989333333333334,0.0,301150.0
359680,5.994666666666666,0.0,301075.0
360000,6.0,0.0,301027.0
360320,6.005333333333334,0.0,300970.0
360640,6.010666666666666,0.0,300901.0
360960,6.016,0.0,300820.0
361280,6.021333333333334,0.0,300768.0
361600,6.026666666666666,0.0,300721.0
361920,6.032,0.0,300671.0
362240,6.037333333333334,0.0,300618.0
362560,6.042666666666666,0.0,300572.0
362880,6.048,0.0,300500.0
363200,6.053333333333334,0.0,300428.0
363520,6.058666666666666,0.0,300348.0
363840,6.064,0.0,300304.0
364160,6.069333333333334,0.0,300271.0
364480,6.074666666666666,0.0,300201.0
364800,6.08,0.0,300134.0
365120,6.085333333333334,0.0,300068.0
365440,6.0906666666666665,0.0,300017.0
365760,6.096,0.0,299972.0
366080,6.101333333333334,0.0,299911.0
366400,6.1066666666666665,0.0,299843.0
366720,6.112,0.0,299778.0
367040,6.117333333333334,0.0,299731.0
367360,6.1226666666666665,0.0,299684.0
367680,6.128,0.0,299620.0
368000,6.133333333333334,0.0,299576.0
368320,6.1386666666666665,0.0,299530.0
368640,6.144,0.0,299470.0
368960,6.149333333333334,0.0,299405.0
369280,6.1546666666666665,0.0,299360.0
369600,6.16,0.0,299320.0
369920,6.165333333333334,0.0,299252.0
370240,6.1706666666666665,0.0,299199.0
370560,6.176,0.0,299166.0
370880,6.181333333333333,0.0,299120.0
371200,6.1866666666666665,0.0,299052.0
371520,6.192,0.0,299004.0
371840,6.197333333333333,0.0,298935.0
372160,6.2026666666666666,0.0,298891.0
372480,6.208,0.0,298851.0
372800,6.213333333333333,0.0,298797.0
373120,6.218666666666667,0.0,298752.0
373440,6.224,0.0,298712.0
373760,6.229333333333333,0.0,298660.0
374080,6.234666666666667,0.0,298614.0
374400,6.24,0.0,298537.0
374720,6.245333333333333,0.0,298485.0
375040,6.250666666666667,0.0,298434.0
375360,6.256,0.0,298400.0
375680,6.261333333333333,0.0,298335.0
376000,6.266666666666667,0.0,298279.0
376320,6.272,0.0,298242.0
376640,6.277333333333333,0.0,298205.0
376960,6.282666666666667,0.0,298161.0
377280,6.288,0.0,298101.0
377600,6.293333333333333,0.0,298049.0
377920,6.298666666666667,0.0,298015.0
378240,6.304,0.0,297972.0
378560,6.309333333333333,0.0,297919.0
378880,6.314666666666667,0.0,297871.0
379200,6.32,0.0,297809.0
379520,6.325333333333333,0.0,297770.0
379840,6.330666666666667,0.0,297727.0
380160,6.336,0.0,297686.0
380480,6.341333333333333,0.0,297628.0
380800,6.346666666666667,0.0,297568.0
381120,6.352,0.0,297529.0
381440,6.357333333333333,0.0,297501.0
381760,6.362666666666667,0.0,297437.0
382080,6.368,0.0,297393.0
382400,6.373333333333333,0.0,297358.0
382720,6.378666666666667,0.0,297327.0
383040,6.384,0.0,297282.0
383360,6.389333333333333,0.0,297225.0
383680,6.394666666666667,0.0,297171.0
384000,6.4,0.0,297127.0
384320,6.405333333333333,0.0,297092.0
384640,6.410666666666667,0.0,297043.0
384960,6.416,0.0,297002.0
385280,6.421333333333333,0.0,296945.0
385600,6.426666666666667,0.0,296887.0
385920,6.432,0.0,296859.0
386240,6.437333333333333,0.0,296822.0
386560,6.442666666666667,0.0,296770.0
386880,6.448,0.0,296745.0
387200,6.453333333333333,0.0,296710.0
387520,6.458666666666667,0.0,296651.0
387840,6.464,0.0,296613.0
388160,6.469333333333333,0.0,296556.0
388480,6.474666666666667,0.0,296514.0
388800,6.48,0.0,296474.0
389120,6.485333333333333,0.0,296427.0
389440,6.490666666666667,0.0,296380.0
389760,6.496,0.0,296341.0
390080,6.501333333333333,0.0,296301.0
390400,6.506666666666667,0.0,296278.0
390720,6.512,0.0,296235.0
391040,6.517333333333333,0.0,296180.0
391360,6.522666666666667,0.0,296130.0
391680,6.528,0.0,296082.0
392000,6.533333333333333,0.0,296067.0
392320,6.538666666666667,0.0,296039.0
392640,6.544,0.0,295984.0
392960,6.549333333333333,0.0,295929.0
393280,6.554666666666667,0.0,295896.0
393600,6.56,0.0,295855.0
393920,6.565333333333333,0.0,295819.0
394240,6.570666666666667,0.0,295779.0
394560,6.576,0.0,295721.0
394880,6.581333333333333,0.0,295682.0
395200,6.586666666666667,0.0,295657.0
395520,6.592,0.0,295610.0
395840,6.597333333333333,0.0,295567.0
396160,6.602666666666667,0.0,295521.0
396480,6.608,0.0,295489.0
396800,6.613333333333333,0.0,295452.0
397120,6.618666666666667,0.0,295402.0
397440,6.624,0.0,295364.0
397760,6.629333333333333,0.0,295337.0
398080,6.634666666666667,0.0,295299.0
398400,6.64,0.0,295260.0
398720,6.645333333333333,0.0,295217.0
399040,6.650666666666667,0.0,295159.0
399360,6.656,0.0,295142.0
399680,6.661333333333333,0.0,295116.0
400000,6.666666666666667,0.0,295060.0
400320,6.672,0.0,295029.0
400640,6.677333333333333,0.0,294984.0
400960,6.682666666666667,0.0,294970.0
401280,6.688,0.0,294921.0
401600,6.693333333333333,0.0,294870.0
401920,6.698666666666667,0.0,294836.0
402240,6.704,0.0,294802.0
402560,6.709333333333333,0.0,294760.0
402880,6.714666666666667,0.0,294723.0
403200,6.72,0.0,294691.0
403520,6.725333333333333,0.0,294644.0
403840,6.730666666666667,0.0,294622.0
404160,6.736,0.0,294595.0
404480,6.741333333333333,0.0,294562.0
404800,6.746666666666667,0.0,294525.0
405120,6.752,0.0,294479.0
405440,6.757333333333333,0.0,294442.0
405760,6.762666666666667,0.0,294396.0
406080,6.768,0.0,294366.0
406400,6.773333333333333,0.0,294333.0
406720,6.778666666666667,0.0,294294.0
407040,6.784,0.0,294275.0
407360,6.789333333333333,0.0,294235.0
407680,6.794666666666667,0.0,294192.0
408000,6.8,0.0,294174.0
408320,6.8053333333333335,0.0,294132.0
408640,6.810666666666667,0.0,294099.0
408960,6.816,0.0,294052.0
409280,6.8213333333333335,0.0,294017.0
409600,6.826666666666667,0.0,293986.0
409920,6.832,0.0,293945.0
410240,6.8373333333333335,0.0,293896.0
410560,6.842666666666666,0.0,293866.0
410880,6.848,0.0,293842.0
411200,6.8533333333333335,0.0,293813.0
411520,6.858666666666666,0.0,293780.0
411840,6.864,0.0,293743.0
412160,6.8693333333333335,0.0,293719.0
412480,6.874666666666666,0.0,293697.0
412800,6.88,0.0,293668.0
413120,6.8853333333333335,0.0,293643.0
413440,6.890666666666666,0.0,293597.0
413760,6.896,0.0,293559.0
414080,6.9013333333333335,0.0,293509.0
414400,6.906666666666666,0.0,293487.0
414720,6.912,0.0,293463.0
415040,6.917333333333334,0.0,293423.0
415360,6.922666666666666,0.0,293381.0
415680,6.928,0.0,293353.0
416000,6.933333333333334,0.0,293320.0
416320,6.938666666666666,0.0,293287.0
416640,6.944,0.0,293270.0
416960,6.949333333333334,0.0,293232.0
417280,6.954666666666666,0.0,293181.0
417600,6.96,0.0,293159.0
417920,6.965333333333334,0.0,293117.0
418240,6.970666666666666,0.0,293107.0
418560,6.976,0.0,293084.0
418880,6.981333333333334,0.0,293032.0
419200,6.986666666666666,0.0,293009.0
419520,6.992,0.0,292989.0
419840,6.997333333333334,0.0,292976.0
420160,7.002666666666666,0.0,292944.0
420480,7.008,0.0,292873.0
420800,7.013333333333334,0.0,292786.0
421120,7.018666666666666,0.0,292625.0
421440,7.024,0.0,292449.0
421760,7.029333333333334,0.0,292375.0
422080,7.034666666666666,0.0,292431.0
422400,7.04,0.0,292513.0
422720,7.045333333333334,0.0,292518.0
423040,7.050666666666666,0.0,290584.0
423360,7.056,0.0,293164.0
423680,7.061333333333334,0.0,314192.0
424000,7.066666666666666,0.0,332907.0
424320,7.072,0.0,317291.0
424640,7.077333333333334,0.0,288671.0
424960,7.082666666666666,0.0,276111.0
425280,7.088,0.0,1825365.0
425600,7.093333333333334,0.0,2668995.0
425920,7.0986666666666665,0.0,2416611.0
426240,7.104,0.0,2208899.0
426560,7.109333333333334,0.0,2035537.0
426880,7.1146666666666665,0.0,1888205.0
427200,7.12,0.0,1762468.0
427520,7.125333333333334,0.0,1656643.0
427840,7.1306666666666665,0.0,1565360.0
428160,7.136,0.0,1485760.0
428480,7.141333333333334,0.0,1414127.0
428800,7.1466666666666665,0.0,1348298.0
429120,7.152,0.0,1288232.0
429440,7.157333333333334,0.0,1233781.0
429760,7.1626666666666665,0.0,1185178.0
430080,7.168,0.0,1141227.0
430400,7.173333333333333,0.0,1098612.0
430720,7.1786666666666665,0.0,1058056.0
431040,7.184,0.0,1022368.0
431360,7.189333333333333,0.0,989082.0
431680,7.1946666666666665,0.0,957327.0
432000,7.2,0.0,926758.0
432320,7.205333333333333,0.0,898046.0
432640,7.210666666666667,0.0,871793.0
432960,7.216,0.0,846015.0
433280,7.221333333333333,0.0,823438.0
433600,7.226666666666667,0.0,801163.0
433920,7.232,0.0,779624.0
434240,7.237333333333333,0.0,758620.0
434560,7.242666666666667,0.0,738024.0
434880,7.248,0.0,721498.0
435200,7.253333333333333,0.0,704595.0
435520,7.258666666666667,0.0,685777.0
435840,7.264,0.0,669969.0
436160,7.269333333333333,0.0,655955.0
436480,7.274666666666667,0.0,641233.0
436800,7.28,0.0,628504.0
437120,7.285333333333333,0.0,614619.0
437440,7.290666666666667,0.0,601668.0
437760,7.296,0.0,588354.0
438080,7.301333333333333,0.0,577289.0
438400,7.306666666666667,0.0,568015.0
438720,7.312,0.0,557341.0
439040,7.317333333333333,0.0,546133.0
439360,7.322666666666667,0.0,535489.0
439680,7.328,0.0,526633.0
440000,7.333333333333333,0.0,518342.0
440320,7.338666666666667,0.0,509233.0
440640,7.344,0.0,499774.0
440960,7.349333333333333,0.0,491878.0
441280,7.354666666666667,0.0,485476.0
441600,7.36,0.0,478685.0
441920,7.365333333333333,0.0,470598.0
442240,7.370666666666667,0.0,463211.0
442560,7.376,0.0,457422.0
442880,7.381333333333333,0.0,452753.0
443200,7.386666666666667,0.0,446854.0
443520,7.392,0.0,439047.0
443840,7.397333333333333,0.0,433602.0
444160,7.402666666666667,0.0,427495.0
444480,7.408,0.0,423341.0
444800,7.413333333333333,0.0,418681.0
445120,7.418666666666667,0.0,413296.0
445440,7.424,0.0,409249.0
445760,7.429333333333333,0.0,406339.0
446080,7.434666666666667,0.0,401493.0
446400,7.44,0.0,396403.0
446720,7.445333333333333,0.0,392280.0
447040,7.450666666666667,0.0,388707.0
447360,7.456,0.0,386192.0
447680,7.461333333333333,0.0,381453.0
448000,7.466666666666667,0.0,379131.0
448320,7.472,0.0,374779.0
448640,7.477333333333333,0.0,371315.0
448960,7.482666666666667,0.0,369126.0
449280,7.488,0.0,366415.0
449600,7.493333333333333,0.0,364316.0
449920,7.498666666666667,0.0,360464.0
450240,7.504,0.0,357062.0
450560,7.509333333333333,0.0,355534.0
450880,7.514666666666667,0.0,354195.0
451200,7.52,0.0,350906.0
451520,7.525333333333333,0.0,347744.0
451840,7.530666666666667,0.0,345492.0
452160,7.536,0.0,343888.0
452480,7.541333333333333,0.0,342304.0
452800,7.546666666666667,0.0,340268.0
453120,7.552,0.0,338888.0
453440,7.557333333333333,0.0,338830.0
453760,7.562666666666667,0.0,338803.0
454080,7.568,0.0,335385.0
454400,7.573333333333333,0.0,332817.0
454720,7.578666666666667,0.0,332958.0
455040,7.584,0.0,332683.0
455360,7.589333333333333,0.0,331315.0
455680,7.594666666666667,0.0,330076.0
456000,7.6,0.0,329606.0
456320,7.605333333333333,0.0,329211.0
456640,7.610666666666667,0.0,328632.0
456960,7.616,0.0,328716.0
457280,7.621333333333333,0.0,326917.0
457600,7.626666666666667,0.0,325802.0
457920,7.632,0.0,325240.0
458240,7.637333333333333,0.0,324023.0
458560,7.642666666666667,0.0,323096.0
458880,7.648,0.0,321160.0
459200,7.653333333333333,0.0,320241.0
459520,7.658666666666667,0.0,320222.0
459840,7.664,0.0,319470.0
460160,7.669333333333333,0.0,317247.0
460480,7.674666666666667,0.0,314123.0
460800,7.68,0.0,313262.0
461120,7.685333333333333,0.0,313928.0
461440,7.690666666666667,0.0,311286.0
461760,7.696,0.0,309232.0
462080,7.701333333333333,0.0,308747.0
462400,7.706666666666667,0.0,307854.0
462720,7.712,0.0,307360.0
463040,7.717333333333333,0.0,306821.0
463360,7.722666666666667,0.0,305433.0
463680,7.728,0.0,305328.0
464000,7.733333333333333,0.0,305518.0
464320,7.738666666666667,0.0,304653.0
464640,7.744,0.0,302145.0
464960,7.749333333333333,0.0,300881.0
465280,7.754666666666667,0.0,302435.0
465600,7.76,0.0,302530.0
465920,7.765333333333333,0.0,299867.0
466240,7.770666666666667,0.0,299300.0
466560,7.776,0.0,300517.0
466880,7.781333333333333,0.0,299084.0
467200,7.786666666666667,0.0,299625.0
467520,7.792,0.0,298684.0
467840,7.7973333333333334,0.0,298225.0
468160,7.802666666666667,0.0,297981.0
468480,7.808,0.0,297438.0
468800,7.8133333333333335,0.0,298010.0
469120,7.818666666666667,0.0,296418.0
469440,7.824,0.0,295794.0
469760,7.8293333333333335,0.0,296132.0
470080,7.834666666666666,0.0,296239.0
470400,7.84,0.0,295333.0
470720,7.8453333333333335,0.0,293590.0
471040,7.850666666666666,0.0,293844.0
471360,7.856,0.0,295048.0
471680,7.8613333333333335,0.0,294807.0
472000,7.866666666666666,0.0,292369.0
472320,7.872,0.0,291870.0
472640,7.8773333333333335,0.0,292068.0
472960,7.882666666666666,0.0,291057.0
473280,7.888,0.0,291231.0
473600,7.8933333333333335,0.0,289543.0
473920,7.898666666666666,0.0,288687.0
474240,7.904,0.0,289113.0
474560,7.9093333333333335,0.0,290265.0
474880,7.914666666666666,0.0,288300.0
475200,7.92,0.0,286096.0
475520,7.925333333333334,0.0,285822.0
475840,7.930666666666666,0.0,284823.0
476160,7.936,0.0,284729.0
476480,7.941333333333334,0.0,283307.0
476800,7.946666666666666,0.0,279455.0
477120,7.952,0.0,276743.0
477440,7.957333333333334,0.0,275883.0
477760,7.962666666666666,0.0,276181.0
478080,7.968,0.0,274946.0
478400,7.973333333333334,0.0,272515.0
478720,7.978666666666666,0.0,270818.0
479040,7.984,0.0,270713.0
479360,7.989333333333334,0.0,270908.0
479680,7.994666666666666,0.0,270605.0
480000,8.0,0.0,270204.0
480320,8.005333333333333,0.0,268633.0
480640,8.010666666666667,0.0,268231.0
480960,8.016,0.0,269835.0
481280,8.021333333333333,0.0,270610.0
481600,8.026666666666667,0.0,269576.0
481920,8.032,0.0,269500.0
482240,8.037333333333333,0.0,269069.0
482560,8.042666666666667,0.0,268721.0
482880,8.048,0.0,269167.0
483200,8.053333333333333,0.0,269264.0
483520,8.058666666666667,0.0,268598.0
483840,8.064,0.0,269060.0
484160,8.069333333333333,0.0,268935.0
484480,8.074666666666667,0.0,268800.0
484800,8.08,0.0,269379.0
485120,8.085333333333333,0.0,270780.0
485440,8.090666666666667,0.0,270055.0
485760,8.096,0.0,268410.0
486080,8.101333333333333,0.0,268877.0
486400,8.106666666666667,0.0,269651.0
486720,8.112,0.0,269059.0
487040,8.117333333333333,0.0,268524.0
487360,8.122666666666667,0.0,269144.0
487680,8.128,0.0,270366.0
488000,8.133333333333333,0.0,269878.0
488320,8.138666666666667,0.0,268348.0
488640,8.144,0.0,268980.0
488960,8.149333333333333,0.0,270731.0
489280,8.154666666666667,0.0,270923.0
489600,8.16,0.0,271340.0
489920,8.165333333333333,0.0,271159.0
490240,8.170666666666667,0.0,269148.0
490560,8.176,0.0,268404.0
490880,8.181333333333333,0.0,270501.0
491200,8.186666666666667,0.0,270571.0
491520,8.192,0.0,269757.0
491840,8.197333333333333,0.0,268888.0
492160,8.202666666666667,0.0,270318.0
492480,8.208,0.0,271104.0
492800,8.213333333333333,0.0,272019.0
493120,8.218666666666667,0.0,269792.0
493440,8.224,0.0,268462.0
493760,8.229333333333333,0.0,269522.0
494080,8.234666666666667,0.0,270124.0
494400,8.24,0.0,271408.0
494720,8.245333333333333,0.0,270973.0
495040,8.250666666666667,0.0,270557.0
495360,8.256,0.0,269698.0
495680,8.261333333333333,0.0,269305.0
496000,8.266666666666667,0.0,270152.0
496320,8.272,0.0,269420.0
496640,8.277333333333333,0.0,268759.0
496960,8.282666666666668,0.0,269301.0
497280,8.288,0.0,269547.0
497600,8.293333333333333,0.0,270145.0
497920,8.298666666666668,0.0,270099.0
498240,8.304,0.0,268649.0
498560,8.309333333333333,0.0,269580.0
498880,8.314666666666668,0.0,270991.0
499200,8.32,0.0,272262.0
499520,8.325333333333333,0.0,270023.0
499840,8.330666666666668,0.0,267798.0
500160,8.336,0.0,269449.0
500480,8.341333333333333,0.0,270834.0
500800,8.346666666666666,0.0,271914.0
501120,8.352,0.0,271339.0
501440,8.357333333333333,0.0,269125.0
501760,8.362666666666666,0.0,268879.0
502080,8.368,0.0,270168.0
502400,8.373333333333333,0.0,269766.0
502720,8.378666666666666,0.0,270172.0
503040,8.384,0.0,271052.0
503360,8.389333333333333,0.0,270799.0
503680,8.394666666666666,0.0,270072.0
504000,8.4,0.0,270659.0
504320,8.405333333333333,0.0,270246.0
504640,8.410666666666666,0.0,269908.0
504960,8.416,0.0,270244.0
505280,8.421333333333333,0.0,270583.0
505600,8.426666666666666,0.0,271473.0
505920,8.432,0.0,271440.0
506240,8.437333333333333,0.0,271159.0
506560,8.442666666666666,0.0,271273.0
506880,8.448,0.0,271023.0
507200,8.453333333333333,0.0,271132.0
507520,8.458666666666666,0.0,270597.0
507840,8.464,0.0,269568.0
508160,8.469333333333333,0.0,270743.0
508480,8.474666666666666,0.0,271646.0
508800,8.48,0.0,270163.0
509120,8.485333333333333,0.0,269833.0
509440,8.490666666666666,0.0,270377.0
509760,8.496,0.0,271191.0
510080,8.501333333333333,0.0,269819.0
510400,8.506666666666666,0.0,269655.0
510720,8.512,0.0,269972.0
511040,8.517333333333333,0.0,271100.0
511360,8.522666666666666,0.0,271779.0
511680,8.528,0.0,270882.0
512000,8.533333333333333,0.0,270363.0
512320,8.538666666666666,0.0,269479.0
512640,8.544,0.0,270530.0
512960,8.549333333333333,0.0,272088.0
513280,8.554666666666666,0.0,272462.0
513600,8.56,0.0,271428.0
513920,8.565333333333333,0.0,271059.0
514240,8.570666666666666,0.0,273555.0
514560,8.576,0.0,273272.0
514880,8.581333333333333,0.0,271917.0
515200,8.586666666666666,0.0,272052.0
515520,8.592,0.0,272893.0
515840,8.597333333333333,0.0,273386.0
516160,8.602666666666666,0.0,274957.0
516480,8.608,0.0,273992.0
516800,8.613333333333333,0.0,272914.0
517120,8.618666666666666,0.0,272771.0
517440,8.624,0.0,274275.0
517760,8.629333333333333,0.0,273739.0
518080,8.634666666666666,0.0,271715.0
518400,8.64,0.0,271307.0
518720,8.645333333333333,0.0,271430.0
519040,8.650666666666666,0.0,272480.0
519360,8.656,0.0,272498.0
519680,8.661333333333333,0.0,270131.0
520000,8.666666666666666,0.0,269549.0
520320,8.672,0.0,271548.0
520640,8.677333333333333,0.0,271883.0
520960,8.682666666666666,0.0,272724.0
521280,8.688,0.0,271883.0
521600,8.693333333333333,0.0,270507.0
521920,8.698666666666666,0.0,270787.0
522240,8.704,0.0,273223.0
522560,8.709333333333333,0.0,272834.0
522880,8.714666666666666,0.0,271393.0
523200,8.72,0.0,272055.0
523520,8.725333333333333,0.0,272710.0
523840,8.730666666666666,0.0,273436.0
524160,8.736,0.0,273223.0
524480,8.741333333333333,0.0,273315.0
524800,8.746666666666666,0.0,274573.0
525120,8.752,0.0,275611.0
525440,8.757333333333333,0.0,275653.0
525760,8.762666666666666,0.0,274787.0
526080,8.768,0.0,275439.0
526400,8.773333333333333,0.0,276605.0
526720,8.778666666666666,0.0,277156.0
527040,8.784,0.0,277296.0
527360,8.789333333333333,0.0,277095.0
527680,8.794666666666666,0.0,277780.0
528000,8.8,0.0,278160.0
528320,8.805333333333333,0.0,278609.0
528640,8.810666666666666,0.0,278200.0
528960,8.816,0.0,277570.0
529280,8.821333333333333,0.0,277367.0
529600,8.826666666666666,0.0,277921.0
529920,8.832,0.0,278601.0
530240,8.837333333333333,0.0,276798.0
530560,8.842666666666666,0.0,275434.0
530880,8.848,0.0,276901.0
531200,8.853333333333333,0.0,277865.0
531520,8.858666666666666,0.0,276983.0
531840,8.864,0.0,274357.0
532160,8.869333333333334,0.0,273195.0
532480,8.874666666666666,0.0,274230.0
532800,8.88,0.0,274174.0
533120,8.885333333333334,0.0,272210.0
533440,8.890666666666666,0.0,272291.0
533760,8.896,0.0,274107.0
534080,8.901333333333334,0.0,273877.0
534400,8.906666666666666,0.0,271725.0
534720,8.912,0.0,271469.0
535040,8.917333333333334,0.0,272606.0
535360,8.922666666666666,0.0,273158.0
535680,8.928,0.0,273369.0
536000,8.933333333333334,0.0,272085.0
536320,8.938666666666666,0.0,271337.0
536640,8.944,0.0,271933.0
536960,8.949333333333334,0.0,272307.0
537280,8.954666666666666,0.0,270814.0
537600,8.96,0.0,271218.0
537920,8.965333333333334,0.0,273085.0
538240,8.970666666666666,0.0,273869.0
538560,8.976,0.0,271842.0
538880,8.981333333333334,0.0,270130.0
539200,8.986666666666666,0.0,271081.0
539520,8.992,0.0,272424.0
539840,8.997333333333334,0.0,273565.0
540160,9.002666666666666,0.0,272578.0
540480,9.008,0.0,271717.0
540800,9.013333333333334,0.0,271293.0
541120,9.018666666666666,0.0,271106.0
541440,9.024,0.0,269705.0
541760,9.029333333333334,0.0,269272.0
542080,9.034666666666666,0.0,270051.0
542400,9.04,0.0,270959.0
542720,9.045333333333334,0.0,270234.0
543040,9.050666666666666,0.0,270048.0
543360,9.056,0.0,269541.0
543680,9.061333333333334,0.0,270619.0
544000,9.066666666666666,0.0,270805.0
544320,9.072,0.0,270367.0
544640,9.077333333333334,0.0,270439.0
544960,9.082666666666666,0.0,268959.0
545280,9.088,0.0,268644.0
545600,9.093333333333334,0.0,269627.0
545920,9.098666666666666,0.0,270673.0
546240,9.104,0.0,270399.0
546560,9.109333333333334,0.0,269759.0
546880,9.114666666666666,0.0,270213.0
547200,9.12,0.0,270857.0
547520,9.125333333333334,0.0,269279.0
547840,9.130666666666666,0.0,269550.0
548160,9.136,0.0,270303.0
548480,9.141333333333334,0.0,271158.0
548800,9.146666666666667,0.0,270869.0
549120,9.152,0.0,271144.0
549440,9.157333333333334,0.0,270447.0
549760,9.162666666666667,0.0,269961.0
550080,9.168,0.0,270086.0
550400,9.173333333333334,0.0,270966.0
550720,9.178666666666667,0.0,271639.0
551040,9.184,0.0,270978.0
551360,9.189333333333334,0.0,269702.0
551680,9.194666666666667,0.0,270979.0
552000,9.2,0.0,272315.0
552320,9.205333333333334,0.0,271847.0
552640,9.210666666666667,0.0,271059.0
552960,9.216,0.0,270488.0
553280,9.221333333333334,0.0,271054.0
553600,9.226666666666667,0.0,271237.0
553920,9.232,0.0,271444.0
554240,9.237333333333334,0.0,269909.0
554560,9.242666666666667,0.0,269114.0
554880,9.248,0.0,270696.0
555200,9.253333333333334,0.0,270721.0
555520,9.258666666666667,0.0,269608.0
555840,9.264,0.0,269174.0
556160,9.269333333333334,0.0,270451.0
556480,9.274666666666667,0.0,270215.0
556800,9.28,0.0,270206.0
557120,9.285333333333334,0.0,270197.0
557440,9.290666666666667,0.0,270899.0
557760,9.296,0.0,271246.0
558080,9.301333333333334,0.0,271446.0
558400,9.306666666666667,0.0,270608.0
558720,9.312,0.0,270725.0
559040,9.317333333333334,0.0,269704.0
559360,9.322666666666667,0.0,270615.0
559680,9.328,0.0,271400.0
560000,9.333333333333334,0.0,272246.0
560320,9.338666666666667,0.0,271922.0
560640,9.344,0.0,270693.0
560960,9.349333333333334,0.0,269974.0
561280,9.354666666666667,0.0,269187.0
561600,9.36,0.0,269685.0
561920,9.365333333333334,0.0,269664.0
562240,9.370666666666667,0.0,270014.0
562560,9.376,0.0,270280.0
562880,9.381333333333334,0.0,271295.0
563200,9.386666666666667,0.0,271565.0
563520,9.392,0.0,269581.0
563840,9.397333333333334,0.0,269771.0
564160,9.402666666666667,0.0,269801.0
564480,9.408,0.0,270347.0
564800,9.413333333333334,0.0,270592.0
565120,9.418666666666667,0.0,269547.0
565440,9.424,0.0,270307.0
565760,9.429333333333334,0.0,271064.0
566080,9.434666666666667,0.0,271996.0
566400,9.44,0.0,269776.0
566720,9.445333333333334,0.0,268373.0
567040,9.450666666666667,0.0,269945.0
567360,9.456,0.0,271009.0
567680,9.461333333333334,0.0,270095.0
568000,9.466666666666667,0.0,268888.0
568320,9.472,0.0,269588.0
568640,9.477333333333334,0.0,270914.0
568960,9.482666666666667,0.0,270003.0
569280,9.488,0.0,270055.0
569600,9.493333333333334,0.0,270054.0
569920,9.498666666666667,0.0,270037.0
570240,9.504,0.0,270019.0
570560,9.509333333333334,0.0,270019.0
570880,9.514666666666667,0.0,270024.0
571200,9.52,0.0,270014.0
571520,9.525333333333334,0.0,269995.0
571840,9.530666666666667,0.0,269972.0
572160,9.536,0.0,269987.0
572480,9.541333333333334,0.0,269977.0
572800,9.546666666666667,0.0,269936.0
573120,9.552,0.0,269936.0
573440,9.557333333333334,0.0,269928.0
573760,9.562666666666667,0.0,269924.0
574080,9.568,0.0,269916.0
574400,9.573333333333334,0.0,269910.0
574720,9.578666666666667,0.0,269899.0
575040,9.584,0.0,269889.0
575360,9.589333333333334,0.0,269853.0
575680,9.594666666666667,0.0,269841.0
576000,9.6,0.0,269848.0
576320,9.605333333333334,0.0,269862.0
576640,9.610666666666667,0.0,269861.0
576960,9.616,0.0,269825.0
577280,9.621333333333334,0.0,269792.0
577600,9.626666666666667,0.0,269805.0
577920,9.632,0.0,269817.0
578240,9.637333333333334,0.0,269807.0
578560,9.642666666666667,0.0,269775.0
578880,9.648,0.0,269772.0
579200,9.653333333333334,0.0,269786.0
579520,9.658666666666667,0.0,269768.0
579840,9.664,0.0,269744.0
580160,9.669333333333332,0.0,269723.0
580480,9.674666666666667,0.0,269712.0
580800,9.68,0.0,269719.0
581120,9.685333333333332,0.0,269684.0
581440,9.690666666666667,0.0,269678.0
581760,9.696,0.0,269685.0
582080,9.701333333333332,0.0,269699.0
582400,9.706666666666667,0.0,269680.0
582720,9.712,0.0,269670.0
583040,9.717333333333332,0.0,269661.0
583360,9.722666666666667,0.0,269642.0
583680,9.728,0.0,269627.0
584000,9.733333333333333,0.0,269624.0
584320,9.738666666666667,0.0,269606.0
584640,9.744,0.0,269615.0
584960,9.749333333333333,0.0,269597.0
585280,9.754666666666667,0.0,269580.0
585600,9.76,0.0,269595.0
585920,9.765333333333333,0.0,269586.0
586240,9.770666666666667,0.0,269576.0
586560,9.776,0.0,269555.0
586880,9.781333333333333,0.0,269542.0
587200,9.786666666666667,0.0,269540.0
587520,9.792,0.0,269550.0
587840,9.797333333333333,0.0,269536.0
588160,9.802666666666667,0.0,269514.0
588480,9.808,0.0,269511.0
588800,9.813333333333333,0.0,269498.0
589120,9.818666666666667,0.0,269499.0
589440,9.824,0.0,269489.0
589760,9.829333333333333,0.0,269477.0
590080,9.834666666666667,0.0,269469.0
590400,9.84,0.0,269474.0
590720,9.845333333333333,0.0,269446.0
591040,9.850666666666667,0.0,269435.0
591360,9.856,0.0,269426.0
591680,9.861333333333333,0.0,269428.0
592000,9.866666666666667,0.0,269430.0
592320,9.872,0.0,269415.0
592640,9.877333333333333,0.0,269387.0
592960,9.882666666666667,0.0,269395.0
593280,9.888,0.0,269397.0
593600,9.893333333333333,0.0,269387.0
593920,9.898666666666667,0.0,269367.0
594240,9.904,0.0,269352.0
594560,9.909333333333333,0.0,269349.0
594880,9.914666666666667,0.0,269343.0
595200,9.92,0.0,269324.0
595520,9.925333333333333,0.0,269327.0
595840,9.930666666666667,0.0,269311.0
596160,9.936,0.0,269299.0
596480,9.941333333333333,0.0,269271.0
596800,9.946666666666667,0.0,269275.0
597120,9.952,0.0,269285.0
597440,9.957333333333333,0.0,269274.0
597760,9.962666666666667,0.0,269265.0
598080,9.968,0.0,269248.0
598400,9.973333333333333,0.0,269243.0
598720,9.978666666666667,0.0,269230.0
599040,9.984,0.0,269225.0
599360,9.989333333333333,0.0,269219.0
599680,9.994666666666667,0.0,269209.0
600000,10.0,0.0,269209.0
600320,10.005333333333333,0.0,269188.0
600640,10.010666666666667,0.0,269163.0
600960,10.016,0.0,269174.0
601280,10.021333333333333,0.0,269166.0
601600,10.026666666666667,0.0,269146.0
601920,10.032,0.0,269134.0
602240,10.037333333333333,0.0,269120.0
602560,10.042666666666667,0.0,269120.0
602880,10.048,0.0,269127.0
603200,10.053333333333333,0.0,269106.0
603520,10.058666666666667,0.0,269081.0
603840,10.064,0.0,269087.0
604160,10.069333333333333,0.0,269093.0
604480,10.074666666666667,0.0,269084.0
604800,10.08,0.0,269059.0
605120,10.085333333333333,0.0,269053.0
605440,10.090666666666667,0.0,269047.0
605760,10.096,0.0,269036.0
606080,10.101333333333333,0.0,269031.0
606400,10.106666666666667,0.0,269025.0
606720,10.112,0.0,269020.0
607040,10.117333333333333,0.0,269000.0
607360,10.122666666666667,0.0,268995.0
607680,10.128,0.0,269017.0
608000,10.133333333333333,0.0,268994.0
608320,10.138666666666667,0.0,268980.0
608640,10.144,0.0,268977.0
608960,10.149333333333333,0.0,268967.0
609280,10.154666666666667,0.0,268961.0
609600,10.16,0.0,268928.0
609920,10.165333333333333,0.0,268922.0
610240,10.170666666666667,0.0,268921.0
610560,10.176,0.0,268921.0
610880,10.181333333333333,0.0,268927.0
611200,10.186666666666667,0.0,268929.0
611520,10.192,0.0,268889.0
611840,10.197333333333333,0.0,268870.0
612160,10.202666666666667,0.0,268861.0
612480,10.208,0.0,268871.0
612800,10.213333333333333,0.0,268872.0
613120,10.218666666666667,0.0,268866.0
613440,10.224,0.0,268851.0
613760,10.229333333333333,0.0,268840.0
614080,10.234666666666667,0.0,268833.0
614400,10.24,0.0,268839.0
614720,10.245333333333333,0.0,268827.0
615040,10.250666666666667,0.0,268806.0
615360,10.256,0.0,268793.0
615680,10.261333333333333,0.0,268793.0
616000,10.266666666666667,0.0,268782.0
616320,10.272,0.0,268773.0
616640,10.277333333333333,0.0,268764.0
616960,10.282666666666668,0.0,268764.0
617280,10.288,0.0,268763.0
617600,10.293333333333333,0.0,268752.0
617920,10.298666666666668,0.0,268745.0
618240,10.304,0.0,268743.0
618560,10.309333333333333,0.0,268731.0
618880,10.314666666666668,0.0,268718.0
619200,10.32,0.0,268709.0
619520,10.325333333333333,0.0,268703.0
619840,10.330666666666668,0.0,268698.0
620160,10.336,0.0,268708.0
620480,10.341333333333333,0.0,268697.0
620800,10.346666666666666,0.0,268675.0
621120,10.352,0.0,268669.0
621440,10.357333333333333,0.0,268663.0
621760,10.362666666666666,0.0,268642.0
622080,10.368,0.0,268637.0
622400,10.373333333333333,0.0,268630.0
622720,10.378666666666666,0.0,268617.0
623040,10.384,0.0,268622.0
623360,10.389333333333333,0.0,268609.0
623680,10.394666666666666,0.0,268596.0
624000,10.4,0.0,268603.0
624320,10.405333333333333,0.0,268616.0
624640,10.410666666666666,0.0,268597.0
624960,10.416,0.0,268602.0
625280,10.421333333333333,0.0,268605.0
625600,10.426666666666666,0.0,268605.0
625920,10.432,0.0,268609.0
626240,10.437333333333333,0.0,268614.0
626560,10.442666666666666,0.0,268629.0
626880,10.448,0.0,268634.0
627200,10.453333333333333,0.0,268655.0
627520,10.458666666666666,0.0,268679.0
627840,10.464,0.0,268718.0
628160,10.469333333333333,0.0,268743.0
628480,10.474666666666666,0.0,268783.0
628800,10.48,0.0,268853.0
629120,10.485333333333333,0.0,268933.0
629440,10.490666666666666,0.0,269030.0
629760,10.496,0.0,269138.0
630080,10.501333333333333,0.0,269261.0
630400,10.506666666666666,0.0,269404.0
630720,10.512,0.0,269561.0
631040,10.517333333333333,0.0,269717.0
631360,10.522666666666666,0.0,269930.0
631680,10.528,0.0,270175.0
632000,10.533333333333333,0.0,270457.0
632320,10.538666666666666,0.0,270746.0
632640,10.544,0.0,271072.0
632960,10.549333333333333,0.0,271440.0
633280,10.554666666666666,0.0,271845.0
633600,10.56,0.0,272280.0
633920,10.565333333333333,0.0,272769.0
634240,10.570666666666666,0.0,273301.0
634560,10.576,0.0,273832.0
634880,10.581333333333333,0.0,274408.0
635200,10.586666666666666,0.0,275034.0
635520,10.592,0.0,275712.0
635840,10.597333333333333,0.0,276403.0
636160,10.602666666666666,0.0,277141.0
636480,10.608,0.0,277895.0
636800,10.613333333333333,0.0,278649.0
637120,10.618666666666666,0.0,279437.0
637440,10.624,0.0,280231.0
637760,10.629333333333333,0.0,281020.0
638080,10.634666666666666,0.0,281810.0
638400,10.64,0.0,282590.0
638720,10.645333333333333,0.0,283359.0
639040,10.650666666666666,0.0,284111.0
639360,10.656,0.0,284818.0
639680,10.661333333333333,0.0,285469.0
640000,10.666666666666666,0.0,286081.0
640320,10.672,0.0,286667.0
640640,10.677333333333333,0.0,287197.0
640960,10.682666666666666,0.0,287652.0
641280,10.688,0.0,288026.0
641600,10.693333333333333,0.0,288326.0
641920,10.698666666666666,0.0,288569.0
642240,10.704,0.0,288708.0
642560,10.709333333333333,0.0,288761.0
642880,10.714666666666666,0.0,288768.0
643200,10.72,0.0,288674.0
643520,10.725333333333333,0.0,288482.0
643840,10.730666666666666,0.0,288239.0
644160,10.736,0.0,287928.0
644480,10.741333333333333,0.0,287554.0
644800,10.746666666666666,0.0,287095.0
645120,10.752,0.0,286563.0
645440,10.757333333333333,0.0,286009.0
645760,10.762666666666666,0.0,285404.0
646080,10.768,0.0,284741.0
646400,10.773333333333333,0.0,284051.0
646720,10.778666666666666,0.0,283347.0
647040,10.784,0.0,282620.0
647360,10.789333333333333,0.0,281876.0
647680,10.794666666666666,0.0,281112.0
648000,10.8,0.0,280350.0
648320,10.805333333333333,0.0,279612.0
648640,10.810666666666666,0.0,278879.0
648960,10.816,0.0,278149.0
649280,10.821333333333333,0.0,277441.0
649600,10.826666666666666,0.0,276774.0
649920,10.832,0.0,276124.0
650240,10.837333333333333,0.0,275492.0
650560,10.842666666666666,0.0,274873.0
650880,10.848,0.0,274299.0
651200,10.853333333333333,0.0,273781.0
651520,10.858666666666666,0.0,273282.0
651840,10.864,0.0,272790.0
652160,10.869333333333334,0.0,272357.0
652480,10.874666666666666,0.0,271955.0
652800,10.88,0.0,271577.0
653120,10.885333333333334,0.0,271240.0
653440,10.890666666666666,0.0,270926.0
653760,10.896,0.0,270637.0
654080,10.901333333333334,0.0,270364.0
654400,10.906666666666666,0.0,270118.0
654720,10.912,0.0,269894.0
655040,10.917333333333334,0.0,269692.0
655360,10.922666666666666,0.0,269525.0
655680,10.928,0.0,269373.0
656000,10.933333333333334,0.0,269212.0
656320,10.938666666666666,0.0,269073.0
656640,10.944,0.0,268970.0
656960,10.949333333333334,0.0,268879.0
657280,10.954666666666666,0.0,268781.0
657600,10.96,0.0,268681.0
657920,10.965333333333334,0.0,268613.0
658240,10.970666666666666,0.0,268544.0
658560,10.976,0.0,268486.0
658880,10.981333333333334,0.0,268437.0
659200,10.986666666666666,0.0,268386.0
659520,10.992,0.0,268330.0
659840,10.997333333333334,0.0,268271.0
660160,11.002666666666666,0.0,268253.0
660480,11.008,0.0,268225.0
660800,11.013333333333334,0.0,268171.0
661120,11.018666666666666,0.0,268140.0
661440,11.024,0.0,268110.0
661760,11.029333333333334,0.0,268079.0
662080,11.034666666666666,0.0,268059.0
662400,11.04,0.0,268036.0
662720,11.045333333333334,0.0,267996.0
663040,11.050666666666666,0.0,267979.0
663360,11.056,0.0,267979.0
663680,11.061333333333334,0.0,267964.0
664000,11.066666666666666,0.0,267960.0
664320,11.072,0.0,267939.0
664640,11.077333333333334,0.0,267910.0
664960,11.082666666666666,0.0,267907.0
665280,11.088,0.0,267886.0
665600,11.093333333333334,0.0,267860.0
665920,11.098666666666666,0.0,267846.0
666240,11.104,0.0,267845.0
666560,11.109333333333334,0.0,267820.0
666880,11.114666666666666,0.0,267829.0
667200,11.12,0.0,267815.0
667520,11.125333333333334,0.0,267797.0
667840,11.130666666666666,0.0,267776.0
668160,11.136,0.0,267772.0
668480,11.141333333333334,0.0,267764.0
668800,11.146666666666667,0.0,267749.0
669120,11.152,0.0,267740.0
669440,11.157333333333334,0.0,267722.0
669760,11.162666666666667,0.0,267720.0
670080,11.168,0.0,267699.0
670400,11.173333333333334,0.0,267678.0
670720,11.178666666666667,0.0,267664.0
671040,11.184,0.0,267657.0
671360,11.189333333333334,0.0,267672.0
671680,11.194666666666667,0.0,267670.0
672000,11.2,0.0,267643.0
672320,11.205333333333334,0.0,267626.0
672640,11.210666666666667,0.0,267638.0
672960,11.216,0.0,267621.0
673280,11.221333333333334,0.0,267610.0
673600,11.226666666666667,0.0,267609.0
673920,11.232,0.0,267592.0
674240,11.237333333333334,0.0,267591.0
674560,11.242666666666667,0.0,267588.0
674880,11.248,0.0,267569.0
675200,11.253333333333334,0.0,267554.0
675520,11.258666666666667,0.0,267559.0
675840,11.264,0.0,267549.0
676160,11.269333333333334,0.0,267545.0
676480,11.274666666666667,0.0,267546.0
676800,11.28,0.0,267552.0
677120,11.285333333333334,0.0,267517.0
677440,11.290666666666667,0.0,267494.0
677760,11.296,0.0,267488.0
678080,11.301333333333334,0.0,267496.0
678400,11.306666666666667,0.0,267496.0
678720,11.312,0.0,267470.0
679040,11.317333333333334,0.0,267466.0
679360,11.322666666666667,0.0,267482.0
679680,11.328,0.0,267468.0
680000,11.333333333333334,0.0,267450.0
680320,11.338666666666667,0.0,267464.0
680640,11.344,0.0,267458.0
680960,11.349333333333334,0.0,267435.0
681280,11.354666666666667,0.0,267413.0
681600,11.36,0.0,267401.0
681920,11.365333333333334,0.0,267406.0
682240,11.370666666666667,0.0,267401.0
682560,11.376,0.0,267398.0
682880,11.381333333333334,0.0,267397.0
683200,11.386666666666667,0.0,267385.0
683520,11.392,0.0,267367.0
683840,11.397333333333334,0.0,267368.0
684160,11.402666666666667,0.0,267359.0
684480,11.408,0.0,267339.0
684800,11.413333333333334,0.0,267336.0
685120,11.418666666666667,0.0,267327.0
685440,11.424,0.0,267337.0
685760,11.429333333333334,0.0,267339.0
686080,11.434666666666667,0.0,267319.0
686400,11.44,0.0,267313.0
686720,11.445333333333334,0.0,267314.0
687040,11.450666666666667,0.0,267318.0
687360,11.456,0.0,267306.0
687680,11.461333333333334,0.0,267300.0
688000,11.466666666666667,0.0,267292.0
688320,11.472,0.0,267278.0
688640,11.477333333333334,0.0,267282.0
688960,11.482666666666667,0.0,267265.0
689280,11.488,0.0,267235.0
689600,11.493333333333334,0.0,267244.0
689920,11.498666666666667,0.0,267247.0
690240,11.504,0.0,267239.0
690560,11.509333333333334,0.0,267222.0
690880,11.514666666666667,0.0,267199.0
691200,11.52,0.0,267211.0
691520,11.525333333333334,0.0,267217.0
691840,11.530666666666667,0.0,267211.0
692160,11.536,0.0,267186.0
692480,11.541333333333334,0.0,267173.0
692800,11.546666666666667,0.0,267170.0
693120,11.552,0.0,267163.0
693440,11.557333333333334,0.0,267151.0
693760,11.562666666666667,0.0,267131.0
694080,11.568,0.0,267137.0
694400,11.573333333333334,0.0,267147.0
694720,11.578666666666667,0.0,267159.0
695040,11.584,0.0,267149.0
695360,11.589333333333334,0.0,267134.0
695680,11.594666666666667,0.0,267133.0
696000,11.6,0.0,267133.0
696320,11.605333333333334,0.0,267129.0
696640,11.610666666666667,0.0,267109.0
696960,11.616,0.0,267097.0
697280,11.621333333333334,0.0,267091.0
697600,11.626666666666667,0.0,267069.0
697920,11.632,0.0,267059.0
698240,11.637333333333334,0.0,267048.0
698560,11.642666666666667,0.0,267043.0
698880,11.648,0.0,267065.0
699200,11.653333333333334,0.0,267065.0
699520,11.658666666666667,0.0,267050.0
699840,11.664,0.0,267025.0
700160,11.669333333333332,0.0,267006.0
700480,11.674666666666667,0.0,267011.0
700800,11.68,0.0,267016.0
701120,11.685333333333332,0.0,267013.0
701440,11.690666666666667,0.0,267003.0
701760,11.696,0.0,267001.0
702080,11.701333333333332,0.0,266994.0
702400,11.706666666666667,0.0,267002.0
702720,11.712,0.0,266993.0
703040,11.717333333333332,0.0,266955.0
703360,11.722666666666667,0.0,266954.0
703680,11.728,0.0,266968.0
704000,11.733333333333333,0.0,266953.0
704320,11.738666666666667,0.0,266937.0
704640,11.744,0.0,266937.0
704960,11.749333333333333,0.0,266939.0
705280,11.754666666666667,0.0,266922.0
705600,11.76,0.0,266911.0
705920,11.765333333333333,0.0,266927.0
706240,11.770666666666667,0.0,266918.0
706560,11.776,0.0,266905.0
706880,11.781333333333333,0.0,266912.0
707200,11.786666666666667,0.0,266914.0
707520,11.792,0.0,266886.0
707840,11.797333333333333,0.0,266879.0
708160,11.802666666666667,0.0,266882.0
708480,11.808,0.0,266866.0
708800,11.813333333333333,0.0,266857.0
709120,11.818666666666667,0.0,266853.0
709440,11.824,0.0,266857.0
709760,11.829333333333333,0.0,266856.0
710080,11.834666666666667,0.0,266847.0
710400,11.84,0.0,266836.0
710720,11.845333333333333,0.0,266827.0
711040,11.850666666666667,0.0,266821.0
711360,11.856,0.0,266821.0
711680,11.861333333333333,0.0,266812.0
712000,11.866666666666667,0.0,266794.0
712320,11.872,0.0,266812.0
712640,11.877333333333333,0.0,266812.0
712960,11.882666666666667,0.0,266787.0
713280,11.888,0.0,266780.0
713600,11.893333333333333,0.0,266761.0
713920,11.898666666666667,0.0,266762.0
714240,11.904,0.0,266780.0
714560,11.909333333333333,0.0,266770.0
714880,11.914666666666667,0.0,266751.0
715200,11.92,0.0,266745.0
715520,11.925333333333333,0.0,266745.0
715840,11.930666666666667,0.0,266740.0
716160,11.936,0.0,266717.0
716480,11.941333333333333,0.0,266718.0
716800,11.946666666666667,0.0,266719.0
717120,11.952,0.0,266714.0
717440,11.957333333333333,0.0,266725.0
717760,11.962666666666667,0.0,266713.0
718080,11.968,0.0,266693.0
718400,11.973333333333333,0.0,266695.0
718720,11.978666666666667,0.0,266695.0
719040,11.984,0.0,266684.0
719360,11.989333333333333,0.0,266670.0
719680,11.994666666666667,0.0,266664.0
720000,12.0,0.0,266671.0
720320,12.005333333333333,0.0,266644.0
720640,12.010666666666667,0.0,266634.0
720960,12.016,0.0,266649.0
721280,12.021333333333333,0.0,266645.0
721600,12.026666666666667,0.0,266629.0
721920,12.032,0.0,266630.0
722240,12.037333333333333,0.0,266618.0
722560,12.042666666666667,0.0,266617.0
722880,12.048,0.0,266619.0
723200,12.053333333333333,0.0,266620.0
723520,12.058666666666667,0.0,266608.0
723840,12.064,0.0,266614.0
724160,12.069333333333333,0.0,266625.0
724480,12.074666666666667,0.0,266587.0
724800,12.08,0.0,266565.0
725120,12.085333333333333,0.0,266571.0
725440,12.090666666666667,0.0,266585.0
725760,12.096,0.0,266575.0
726080,12.101333333333333,0.0,266563.0
726400,12.106666666666667,0.0,266560.0
726720,12.112,0.0,266545.0
727040,12.117333333333333,0.0,266545.0
727360,12.122666666666667,0.0,266552.0
727680,12.128,0.0,266544.0
728000,12.133333333333333,0.0,266540.0
728320,12.138666666666667,0.0,266532.0
728640,12.144,0.0,266511.0
728960,12.149333333333333,0.0,266505.0
729280,12.154666666666667,0.0,266521.0
729600,12.16,0.0,266517.0
729920,12.165333333333333,0.0,266522.0
730240,12.170666666666667,0.0,266506.0
730560,12.176,0.0,266472.0
730880,12.181333333333333,0.0,266486.0
731200,12.186666666666667,0.0,266488.0
731520,12.192,0.0,266465.0
731840,12.197333333333333,0.0,266458.0
732160,12.202666666666667,0.0,266462.0
732480,12.208,0.0,266464.0
732800,12.213333333333333,0.0,266457.0
733120,12.218666666666667,0.0,266442.0
733440,12.224,0.0,266431.0
733760,12.229333333333333,0.0,266438.0
734080,12.234666666666667,0.0,266434.0
734400,12.24,0.0,266435.0
734720,12.245333333333333,0.0,266412.0
735040,12.250666666666667,0.0,266414.0
735360,12.256,0.0,266420.0
735680,12.261333333333333,0.0,266406.0
736000,12.266666666666667,0.0,266394.0
736320,12.272,0.0,266381.0
736640,12.277333333333333,0.0,266396.0
736960,12.282666666666668,0.0,266412.0
737280,12.288,0.0,266403.0
737600,12.293333333333333,0.0,266374.0
737920,12.298666666666668,0.0,266361.0
738240,12.304,0.0,266372.0
738560,12.309333333333333,0.0,266367.0
738880,12.314666666666668,0.0,266350.0
739200,12.32,0.0,266339.0
739520,12.325333333333333,0.0,266335.0
739840,12.330666666666668,0.0,266351.0
740160,12.336,0.0,266342.0
740480,12.341333333333333,0.0,266323.0
740800,12.346666666666666,0.0,266310.0
741120,12.352,0.0,266325.0
741440,12.357333333333333,0.0,266325.0
741760,12.362666666666666,0.0,266306.0
742080,12.368,0.0,266297.0
742400,12.373333333333333,0.0,266289.0
742720,12.378666666666666,0.0,266297.0
743040,12.384,0.0,266287.0
743360,12.389333333333333,0.0,266271.0
743680,12.394666666666666,0.0,266277.0
744000,12.4,0.0,266285.0
744320,12.405333333333333,0.0,266286.0
744640,12.410666666666666,0.0,266279.0
744960,12.416,0.0,266264.0
745280,12.421333333333333,0.0,266250.0
745600,12.426666666666666,0.0,266257.0
745920,12.432,0.0,266270.0
746240,12.437333333333333,0.0,266252.0
746560,12.442666666666666,0.0,266248.0
746880,12.448,0.0,266252.0
747200,12.453333333333333,0.0,266239.0
747520,12.458666666666666,0.0,266237.0
747840,12.464,0.0,266247.0
748160,12.469333333333333,0.0,266247.0
748480,12.474666666666666,0.0,266252.0
748800,12.48,0.0,266242.0
749120,12.485333333333333,0.0,266261.0
749440,12.490666666666666,0.0,266266.0
749760,12.496,0.0,266241.0
750080,12.501333333333333,0.0,266255.0
750400,12.506666666666666,0.0,266269.0
750720,12.512,0.0,266287.0
751040,12.517333333333333,0.0,266308.0
751360,12.522666666666666,0.0,266330.0
751680,12.528,0.0,266379.0
752000,12.533333333333333,0.0,266420.0
752320,12.538666666666666,0.0,266464.0
752640,12.544,0.0,266537.0
752960,12.549333333333333,0.0,266617.0
753280,12.554666666666666,0.0,266699.0
753600,12.56,0.0,266853.0
753920,12.565333333333333,0.0,267028.0
754240,12.570666666666666,0.0,267204.0
754560,12.576,0.0,267461.0
754880,12.581333333333333,0.0,267744.0
755200,12.586666666666666,0.0,268089.0
755520,12.592,0.0,268498.0
755840,12.597333333333333,0.0,268980.0
756160,12.602666666666666,0.0,269568.0
756480,12.608,0.0,270270.0
756800,12.613333333333333,0.0,271116.0
757120,12.618666666666666,0.0,272089.0
757440,12.624,0.0,273219.0
757760,12.629333333333333,0.0,274581.0
758080,12.634666666666666,0.0,276180.0
758400,12.64,0.0,278063.0
758720,12.645333333333333,0.0,280221.0
759040,12.650666666666666,0.0,282723.0
759360,12.656,0.0,285638.0
759680,12.661333333333333,0.0,289041.0
760000,12.666666666666666,0.0,292956.0
760320,12.672,0.0,297448.0
760640,12.677333333333333,0.0,302637.0
760960,12.682666666666666,0.0,308599.0
761280,12.688,0.0,315435.0
761600,12.693333333333333,0.0,323220.0
761920,12.698666666666666,0.0,332104.0
762240,12.704,0.0,342237.0
762560,12.709333333333333,0.0,353758.0
762880,12.714666666666666,0.0,366726.0
763200,12.72,0.0,381387.0
763520,12.725333333333333,0.0,397993.0
763840,12.730666666666666,0.0,416720.0
764160,12.736,0.0,437761.0
764480,12.741333333333333,0.0,461269.0
764800,12.746666666666666,0.0,487633.0
765120,12.752,0.0,517064.0
765440,12.757333333333333,0.0,549878.0
765760,12.762666666666666,0.0,586322.0
766080,12.768,0.0,626599.0
766400,12.773333333333333,0.0,671311.0
766720,12.778666666666666,0.0,720677.0
767040,12.784,0.0,774990.0
767360,12.789333333333333,0.0,834602.0
767680,12.794666666666666,0.0,899958.0
768000,12.8,0.0,971603.0
768320,12.805333333333333,0.0,1049788.0
768640,12.810666666666666,0.0,1134913.0
768960,12.816,0.0,1227200.0
769280,12.821333333333333,0.0,1327135.0
769600,12.826666666666666,0.0,1435516.0
769920,12.832,0.0,1552517.0
770240,12.837333333333333,0.0,1678378.0
770560,12.842666666666666,0.0,1813347.0
770880,12.848,0.0,1957986.0
771200,12.853333333333333,0.0,2112829.0
771520,12.858666666666666,0.0,2277879.0
771840,12.864,0.0,2453124.0
772160,12.869333333333334,0.0,2639103.0
772480,12.874666666666666,0.0,2836030.0
772800,12.88,0.0,3044492.0
773120,12.885333333333334,0.0,3263866.0
773440,12.890666666666666,0.0,3493884.0
773760,12.896,0.0,3735069.0
774080,12.901333333333334,0.0,3987125.0
774400,12.906666666666666,0.0,4250445.0
774720,12.912,0.0,4523857.0
775040,12.917333333333334,0.0,4806762.0
775360,12.922666666666666,0.0,5099204.0
775680,12.928,0.0,5401156.0
776000,12.933333333333334,0.0,5712115.0
776320,12.938666666666666,0.0,6030353.0
776640,12.944,0.0,6354970.0
776960,12.949333333333334,0.0,6685041.0
777280,12.954666666666666,0.0,7020523.0
777600,12.96,0.0,7360447.0
777920,12.965333333333334,0.0,7702547.0
778240,12.970666666666666,0.0,8046021.0
778560,12.976,0.0,8390956.0
778880,12.981333333333334,0.0,8735872.0
779200,12.986666666666666,0.0,9078321.0
779520,12.992,0.0,9416035.0
779840,12.997333333333334,0.0,9748811.0
780160,13.002666666666666,0.0,1.0075803E7
780480,13.008,0.0,1.0396394E7
780800,13.013333333333334,0.0,1.0709185E7
781120,13.018666666666666,0.0,1.1010252E7
781440,13.024,0.0,1.1298514E7
781760,13.029333333333334,0.0,1.157518E7
782080,13.034666666666666,0.0,1.1839042E7
782400,13.04,0.0,1.2087469E7
782720,13.045333333333334,0.0,1.2318342E7
783040,13.050666666666666,0.0,1.2532338E7
783360,13.056,0.0,1.2730735E7
783680,13.061333333333334,0.0,1.2910254E7
784000,13.066666666666666,0.0,1.3068908E7
784320,13.072,0.0,1.3207038E7
784640,13.077333333333334,0.0,1.3325596E7
784960,13.082666666666666,0.0,1.342427E7
785280,13.088,0.0,1.3501471E7
785600,13.093333333333334,0.0,1.3556238E7
785920,13.098666666666666,0.0,1.3589838E7
786240,13.104,0.0,1.3602292E7
786560,13.109333333333334,0.0,1.3594824E7
786880,13.114666666666666,0.0,1.3567264E7
787200,13.12,0.0,1.3516901E7
787520,13.125333333333334,0.0,1.3445655E7
787840,13.130666666666666,0.0,1.3356732E7
788160,13.136,0.0,1.3249827E7
788480,13.141333333333334,0.0,1.3123454E7
788800,13.146666666666667,0.0,1.2978008E7
789120,13.152,0.0,1.2816876E7
789440,13.157333333333334,0.0,1.2640472E7
789760,13.162666666666667,0.0,1.2449153E7
790080,13.168,0.0,1.2242547E7
790400,13.173333333333334,0.0,1.2021883E7
790720,13.178666666666667,0.0,1.1790871E7
791040,13.184,0.0,1.1549633E7
791360,13.189333333333334,0.0,1.1297702E7
791680,13.194666666666667,0.0,1.103589E7
792000,13.2,0.0,1.0766789E7
792320,13.205333333333334,0.0,1.0491327E7
792640,13.210666666666667,0.0,1.0209843E7
792960,13.216,0.0,9924347.0
793280,13.221333333333334,0.0,9634325.0
793600,13.226666666666667,0.0,9340789.0
793920,13.232,0.0,9046514.0
794240,13.237333333333334,0.0,8752300.0
794560,13.242666666666667,0.0,8458438.0
794880,13.248,0.0,8164396.0
795200,13.253333333333334,0.0,7870879.0
795520,13.258666666666667,0.0,7581270.0
795840,13.264,0.0,7295742.0
796160,13.269333333333334,0.0,7013259.0
796480,13.274666666666667,0.0,6734430.0
796800,13.28,0.0,6460426.0
797120,13.285333333333334,0.0,6192797.0
797440,13.290666666666667,0.0,5931383.0
797760,13.296,0.0,5675565.0
798080,13.301333333333334,0.0,5426345.0
798400,13.306666666666667,0.0,5184342.0
798720,13.312,0.0,4949943.0
799040,13.317333333333334,0.0,4722276.0
799360,13.322666666666667,0.0,4501752.0
799680,13.328,0.0,4289406.0
800000,13.333333333333334,0.0,4085224.0
800320,13.338666666666667,0.0,3888803.0
800640,13.344,0.0,3699886.0
800960,13.349333333333334,0.0,3518628.0
801280,13.354666666666667,0.0,3345319.0
801600,13.36,0.0,3179788.0
801920,13.365333333333334,0.0,3021885.0
802240,13.370666666666667,0.0,2870859.0
802560,13.376,0.0,2727132.0
802880,13.381333333333334,0.0,2591036.0
803200,13.386666666666667,0.0,2461857.0
803520,13.392,0.0,2339079.0
803840,13.397333333333334,0.0,2222874.0
804160,13.402666666666667,0.0,2113325.0
804480,13.408,0.0,2009667.0
804800,13.413333333333334,0.0,1911718.0
805120,13.418666666666667,0.0,1819504.0
805440,13.424,0.0,1732579.0
805760,13.429333333333334,0.0,1651096.0
806080,13.434666666666667,0.0,1574327.0
806400,13.44,0.0,1502016.0
806720,13.445333333333334,0.0,1434294.0
807040,13.450666666666667,0.0,1370907.0
807360,13.456,0.0,1311526.0
807680,13.461333333333334,0.0,1255840.0
808000,13.466666666666667,0.0,1203608.0
808320,13.472,0.0,1154792.0
808640,13.477333333333334,0.0,1109201.0
808960,13.482666666666667,0.0,1066606.0
809280,13.488,0.0,1026710.0
809600,13.493333333333334,0.0,989340.0
809920,13.498666666666667,0.0,954472.0
810240,13.504,0.0,921882.0
810560,13.509333333333334,0.0,891482.0
810880,13.514666666666667,0.0,862970.0
811200,13.52,0.0,836224.0
811520,13.525333333333334,0.0,811305.0
811840,13.530666666666667,0.0,787972.0
812160,13.536,0.0,766036.0
812480,13.541333333333334,0.0,745543.0
812800,13.546666666666667,0.0,726327.0
813120,13.552,0.0,708302.0
813440,13.557333333333334,0.0,691365.0
813760,13.562666666666667,0.0,675395.0
814080,13.568,0.0,660367.0
814400,13.573333333333334,0.0,646276.0
814720,13.578666666666667,0.0,633058.0
815040,13.584,0.0,620523.0
815360,13.589333333333334,0.0,608706.0
815680,13.594666666666667,0.0,597465.0
816000,13.6,0.0,586846.0
816320,13.605333333333334,0.0,576852.0
816640,13.610666666666667,0.0,567328.0
816960,13.616,0.0,558351.0
817280,13.621333333333334,0.0,549828.0
817600,13.626666666666667,0.0,541726.0
817920,13.632,0.0,533974.0
818240,13.637333333333334,0.0,526532.0
818560,13.642666666666667,0.0,519465.0
818880,13.648,0.0,512787.0
819200,13.653333333333334,0.0,506421.0
819520,13.658666666666667,0.0,500260.0
819840,13.664,0.0,494361.0
820160,13.669333333333332,0.0,488708.0
820480,13.674666666666667,0.0,483327.0
820800,13.68,0.0,478171.0
821120,13.685333333333332,0.0,473162.0
821440,13.690666666666667,0.0,468363.0
821760,13.696,0.0,463795.0
822080,13.701333333333332,0.0,459422.0
822400,13.706666666666667,0.0,455150.0
822720,13.712,0.0,451014.0
823040,13.717333333333332,0.0,447039.0
823360,13.722666666666667,0.0,443212.0
823680,13.728,0.0,439512.0
824000,13.733333333333333,0.0,435908.0
824320,13.738666666666667,0.0,432391.0
824640,13.744,0.0,429038.0
824960,13.749333333333333,0.0,425822.0
825280,13.754666666666667,0.0,422689.0
825600,13.76,0.0,419645.0
825920,13.765333333333333,0.0,416631.0
826240,13.770666666666667,0.0,413736.0
826560,13.776,0.0,410997.0
826880,13.781333333333333,0.0,408352.0
827200,13.786666666666667,0.0,405702.0
827520,13.792,0.0,403160.0
827840,13.797333333333333,0.0,400698.0
828160,13.802666666666667,0.0,398266.0
828480,13.808,0.0,395922.0
828800,13.813333333333333,0.0,393626.0
829120,13.818666666666667,0.0,391399.0
829440,13.824,0.0,389255.0
829760,13.829333333333333,0.0,387158.0
830080,13.834666666666667,0.0,385100.0
830400,13.84,0.0,383074.0
830720,13.845333333333333,0.0,381159.0
831040,13.850666666666667,0.0,379269.0
831360,13.856,0.0,377424.0
831680,13.861333333333333,0.0,375598.0
832000,13.866666666666667,0.0,373803.0
832320,13.872,0.0,372087.0
832640,13.877333333333333,0.0,370442.0
832960,13.882666666666667,0.0,368775.0
833280,13.888,0.0,367131.0
833600,13.893333333333333,0.0,365540.0
833920,13.898666666666667,0.0,363996.0
834240,13.904,0.0,362488.0
834560,13.909333333333333,0.0,361018.0
834880,13.914666666666667,0.0,359539.0
835200,13.92,0.0,358101.0
835520,13.925333333333333,0.0,356719.0
835840,13.930666666666667,0.0,355380.0
836160,13.936,0.0,354047.0
836480,13.941333333333333,0.0,352722.0
836800,13.946666666666667,0.0,351417.0
837120,13.952,0.0,350136.0
837440,13.957333333333333,0.0,348900.0
837760,13.962666666666667,0.0,347686.0
838080,13.968,0.0,346494.0
838400,13.973333333333333,0.0,345341.0
838720,13.978666666666667,0.0,344174.0
839040,13.984,0.0,343011.0
839360,13.989333333333333,0.0,341881.0
839680,13.994666666666667,0.0,340822.0
840000,14.0,0.0,339754.0
840320,14.005333333333333,0.0,338660.0
840640,14.010666666666667,0.0,337599.0
840960,14.016,0.0,336581.0
841280,14.021333333333333,0.0,335601.0
841600,14.026666666666667,0.0,334663.0
841920,14.032,0.0,333716.0
842240,14.037333333333333,0.0,332760.0
842560,14.042666666666667,0.0,331805.0
842880,14.048,0.0,330899.0
843200,14.053333333333333,0.0,330053.0
843520,14.058666666666667,0.0,329151.0
843840,14.064,0.0,328278.0
844160,14.069333333333333,0.0,327435.0
844480,14.074666666666667,0.0,326591.0
844800,14.08,0.0,325750.0
845120,14.085333333333333,0.0,324954.0
845440,14.090666666666667,0.0,324137.0
845760,14.096,0.0,323369.0
846080,14.101333333333333,0.0,322614.0
846400,14.106666666666667,0.0,321861.0
846720,14.112,0.0,321104.0
847040,14.117333333333333,0.0,320364.0
847360,14.122666666666667,0.0,319657.0
847680,14.128,0.0,318980.0
848000,14.133333333333333,0.0,318311.0
848320,14.138666666666667,0.0,317651.0
848640,14.144,0.0,316984.0
848960,14.149333333333333,0.0,316357.0
849280,14.154666666666667,0.0,315748.0
849600,14.16,0.0,315160.0
849920,14.165333333333333,0.0,314544.0
850240,14.170666666666667,0.0,313945.0
850560,14.176,0.0,313379.0
850880,14.181333333333333,0.0,312815.0
851200,14.186666666666667,0.0,312243.0
851520,14.192,0.0,311704.0
851840,14.197333333333333,0.0,311167.0
852160,14.202666666666667,0.0,310644.0
852480,14.208,0.0,310135.0
852800,14.213333333333333,0.0,309638.0
853120,14.218666666666667,0.0,309144.0
853440,14.224,0.0,308674.0
853760,14.229333333333333,0.0,308205.0
854080,14.234666666666667,0.0,307730.0
854400,14.24,0.0,307265.0
854720,14.245333333333333,0.0,306826.0
855040,14.250666666666667,0.0,306388.0
855360,14.256,0.0,305941.0
855680,14.261333333333333,0.0,305489.0
856000,14.266666666666667,0.0,305076.0
856320,14.272,0.0,304715.0
856640,14.277333333333333,0.0,304318.0
856960,14.282666666666668,0.0,303913.0
857280,14.288,0.0,303535.0
857600,14.293333333333333,0.0,303163.0
857920,14.298666666666668,0.0,302792.0
858240,14.304,0.0,302428.0
858560,14.309333333333333,0.0,302058.0
858880,14.314666666666668,0.0,301708.0
859200,14.32,0.0,301369.0
859520,14.325333333333333,0.0,301020.0
859840,14.330666666666668,0.0,300682.0
860160,14.336,0.0,300360.0
860480,14.341333333333333,0.0,300040.0
860800,14.346666666666666,0.0,299716.0
861120,14.352,0.0,299386.0
861440,14.357333333333333,0.0,299092.0
861760,14.362666666666666,0.0,298790.0
862080,14.368,0.0,298485.0
862400,14.373333333333333,0.0,298174.0
862720,14.378666666666666,0.0,297847.0
863040,14.384,0.0,297554.0
863360,14.389333333333333,0.0,297291.0
863680,14.394666666666666,0.0,297022.0
864000,14.4,0.0,296747.0
864320,14.405333333333333,0.0,296468.0
864640,14.410666666666666,0.0,296190.0
864960,14.416,0.0,295927.0
865280,14.421333333333333,0.0,295653.0
865600,14.426666666666666,0.0,295382.0
865920,14.432,0.0,295118.0
866240,14.437333333333333,0.0,294871.0
866560,14.442666666666666,0.0,294623.0
866880,14.448,0.0,294393.0
867200,14.453333333333333,0.0,294151.0
867520,14.458666666666666,0.0,293895.0
867840,14.464,0.0,293658.0
868160,14.469333333333333,0.0,293435.0
868480,14.474666666666666,0.0,293194.0
868800,14.48,0.0,292959.0
869120,14.485333333333333,0.0,292742.0
869440,14.490666666666666,0.0,292524.0
869760,14.496,0.0,292297.0
870080,14.501333333333333,0.0,292069.0
870400,14.506666666666666,0.0,291845.0
870720,14.512,0.0,291638.0
871040,14.517333333333333,0.0,291431.0
871360,14.522666666666666,0.0,291224.0
871680,14.528,0.0,291015.0
872000,14.533333333333333,0.0,290813.0
872320,14.538666666666666,0.0,290598.0
872640,14.544,0.0,290396.0
872960,14.549333333333333,0.0,290234.0
873280,14.554666666666666,0.0,290048.0
873600,14.56,0.0,289826.0
873920,14.565333333333333,0.0,289630.0
874240,14.570666666666666,0.0,289451.0
874560,14.576,0.0,289255.0
874880,14.581333333333333,0.0,289080.0
875200,14.586666666666666,0.0,288897.0
875520,14.592,0.0,288703.0
875840,14.597333333333333,0.0,288537.0
876160,14.602666666666666,0.0,288360.0
876480,14.608,0.0,288199.0
876800,14.613333333333333,0.0,288016.0
877120,14.618666666666666,0.0,287840.0
877440,14.624,0.0,287664.0
877760,14.629333333333333,0.0,287514.0
878080,14.634666666666666,0.0,287350.0
878400,14.64,0.0,287166.0
878720,14.645333333333333,0.0,287010.0
879040,14.650666666666666,0.0,286870.0
879360,14.656,0.0,286717.0
879680,14.661333333333333,0.0,286539.0
880000,14.666666666666666,0.0,286385.0
880320,14.672,0.0,286250.0
880640,14.677333333333333,0.0,286107.0
880960,14.682666666666666,0.0,285958.0
881280,14.688,0.0,285794.0
881600,14.693333333333333,0.0,285637.0
881920,14.698666666666666,0.0,285491.0
882240,14.704,0.0,285349.0
882560,14.709333333333333,0.0,285209.0
882880,14.714666666666666,0.0,285066.0
883200,14.72,0.0,284914.0
883520,14.725333333333333,0.0,284760.0
883840,14.730666666666666,0.0,284635.0
884160,14.736,0.0,284502.0
884480,14.741333333333333,0.0,284372.0
884800,14.746666666666666,0.0,284237.0
885120,14.752,0.0,284107.0
885440,14.757333333333333,0.0,283997.0
885760,14.762666666666666,0.0,283871.0
886080,14.768,0.0,283731.0
886400,14.773333333333333,0.0,283600.0
886720,14.778666666666666,0.0,283467.0
887040,14.784,0.0,283338.0
887360,14.789333333333333,0.0,283218.0
887680,14.794666666666666,0.0,283092.0
888000,14.8,0.0,282968.0
888320,14.805333333333333,0.0,282847.0
888640,14.810666666666666,0.0,282726.0
888960,14.816,0.0,282589.0
889280,14.821333333333333,0.0,282482.0
889600,14.826666666666666,0.0,282382.0
889920,14.832,0.0,282263.0
890240,14.837333333333333,0.0,282143.0
890560,14.842666666666666,0.0,282025.0
890880,14.848,0.0,281912.0
891200,14.853333333333333,0.0,281795.0
891520,14.858666666666666,0.0,281699.0
891840,14.864,0.0,281601.0
892160,14.869333333333334,0.0,281491.0
892480,14.874666666666666,0.0,281381.0
892800,14.88,0.0,281263.0
893120,14.885333333333334,0.0,281167.0
893440,14.890666666666666,0.0,281072.0
893760,14.896,0.0,280975.0
894080,14.901333333333334,0.0,280863.0
894400,14.906666666666666,0.0,280780.0
894720,14.912,0.0,280679.0
895040,14.917333333333334,0.0,280572.0
895360,14.922666666666666,0.0,280493.0
895680,14.928,0.0,280388.0
896000,14.933333333333334,0.0,280266.0
896320,14.938666666666666,0.0,280175.0
896640,14.944,0.0,280087.0
896960,14.949333333333334,0.0,279991.0
897280,14.954666666666666,0.0,279905.0
897600,14.96,0.0,279805.0
897920,14.965333333333334,0.0,279725.0
898240,14.970666666666666,0.0,279637.0
898560,14.976,0.0,272451.0
898880,14.981333333333334,0.0,272429.0
899200,14.986666666666666,0.0,271407.0
899520,14.992,0.0,269423.0
899840,14.997333333333334,0.0,269219.0
